experiment_id,variant_id,metric_id,time_since_start,count_c,count_t,mean_c,mean_t,variance_c,variance_t,metric_type,abs_effect,rel_effect,se,z,p_value,ci_low,ci_high,p_adj_across_all_tests,significant_across_all_tests,p_adj_within_experiment,significant_within_experiment
036afc,2,1,76.5,1050994.0,1050508.0,0.5867683354995367,0.5872749184204213,0.2424712559546398,0.2423830886147088,binary,0.0005065829208846795,0.0008633439983659096,0.00067929081482889,0.7457525134900701,0.45581693038227966,-0.000824802611208812,0.001837968452978171,0.729417137278336,False,0.6077559071763728,False
036afc,2,2,76.5,1050994.0,1050508.0,2.1231186167140392,2.116593678598629,11.8301345346936,11.710984846883935,continuous,-0.006524938115410439,-0.0030732800626604257,0.004733293188962222,-1.3785197440602737,0.1680428762207009,-0.015802022294045134,0.002752146063224256,0.41306023122636804,False,0.6077559071763728,False
036afc,2,3,76.5,1050994.0,1050508.0,5.966040051956209,5.959433742223237,109.67359103133576,109.67664863346862,continuous,-0.006606309732971383,-0.0011073190383301627,0.014448380254536732,-0.4572353174949855,0.6475019157798574,-0.034924614666803036,0.02171199520086027,0.8468827529839339,False,0.6475019157798574,False
036afc,2,4,76.5,1050994.0,1050508.0,148.194364426858,147.90416772261122,78105.38737080412,77913.81142062468,continuous,-0.29019670424676747,-0.0019582168685638203,0.3853355392992843,-0.7531013224850149,0.4513890297809211,-1.0454404832366833,0.46504707474314844,0.729417137278336,False,0.6077559071763728,False
058875,1,1,21.5,18834935.0,18826389.0,0.0455812563197059,0.0456805604091151,0.0435036053920231,0.0435938468098242,binary,9.930408940919677e-05,0.002178616769855577,6.800956448260613e-05,1.4601491819722243,0.14424907825595445,-3.399220758096568e-05,0.00023260038639935922,0.3702192185894034,False,0.1923321043412726,False
058875,1,2,21.5,18834935.0,18826389.0,0.0532132414946496,0.0533234126061835,0.071092186836626,0.0711675723582127,continuous,0.00011017111153389936,0.0020703702394257763,8.69177104626145e-05,1.2675335204703388,0.20496458568418663,-6.018447059150532e-05,0.00028052669365930406,0.46207992393890596,False,0.20496458568418663,False
058875,1,3,21.5,18834935.0,18826389.0,0.1530304362582742,0.1536073905141914,1.003712321555431,1.0125803776177271,continuous,0.0005769542559171947,0.0037701928454510264,0.000327223301896871,1.7631820612183355,0.0778697883135222,-6.439163070294962e-05,0.001218300142537339,0.247236577895433,False,0.1557395766270444,False
058875,1,4,21.5,18834935.0,18826389.0,4.034270811790028,4.053039746035061,750.1952466137312,758.8602384708068,continuous,0.01876893424503301,0.004652373407898497,0.00895200063221006,2.0966189588393,0.03602731962736283,0.0012233354163214971,0.03631453307374452,0.13756669447960632,False,0.14410927850945132,False
08bcc2,1,1,19.5,1384352.0,1385163.0,0.2408700966228242,0.2404605089798095,0.1828516931757355,0.1826392526009805,binary,-0.0004095876430146861,-0.0017004503620723615,0.0005137496085196304,-0.7972515383691146,0.425304959351128,-0.0014165183727847138,0.0005973430867553416,0.7107069715472796,False,0.425304959351128,False
08bcc2,1,2,19.5,1384352.0,1385163.0,0.409764935869928,0.4070512889938231,0.9244935507328926,0.9078459091603897,continuous,-0.002713646876104925,-0.006622447746398486,0.0011503147815321558,-2.3590472100953943,0.01832192471380112,-0.004968222418792011,-0.00045907133341783904,0.08310301566616936,False,0.07328769885520448,False
08bcc2,1,3,19.5,1384352.0,1385163.0,1.0915856819620116,1.0868015719617248,8.790282201741597,8.76592723672988,continuous,-0.004784110000286779,-0.004382715969384867,0.0035606445423881534,-1.3436078618165117,0.1790752258865289,-0.011762845065116661,0.002194625064543104,0.42910478655828627,False,0.3581504517730578,False
08bcc2,1,4,19.5,1384352.0,1385163.0,26.88758139649131,26.788781476959585,6127.306655609912,6089.381000094237,continuous,-0.09879991953172507,-0.003674555850702806,0.09392692146934419,-1.0518807386226463,0.29285427004847775,-0.2828933027903616,0.08529346372691152,0.5720881002299527,False,0.390472360064637,False
0bad33,1,1,45.50000000000001,4340594.0,4341709.0,0.2187302014424753,0.2191121053944426,0.1708873004194095,0.1711019906640572,binary,0.00038190395196729954,0.001746004664416395,0.00028067502394368767,1.3606621461862842,0.17362048234362115,-0.00016820898632224565,0.0009320168902568447,0.4213337819931188,False,0.1906028144719305,False
0bad33,1,2,45.50000000000001,4340594.0,4341709.0,0.4378922537805782,0.4400273282574274,1.436481157369092,1.4547051017191823,continuous,0.002135074476849186,0.004875798688868889,0.0008160849939774759,2.616240333550496,0.00889039567192107,0.0005355772803297461,0.0037345716733686255,0.04981236398532247,True,0.031536684973722195,True
0bad33,1,3,45.50000000000001,4340594.0,4341709.0,1.375586237882113,1.3827033917474527,18.787703239032822,18.939901591975687,continuous,0.0071171538653396205,0.0051739059822940425,0.002947996999537983,2.414233754802002,0.015768342486861098,0.001339185919713032,0.01289512181096621,0.07326510350602534,False,0.031536684973722195,True
0bad33,1,4,45.50000000000001,4340594.0,4341709.0,31.382176951186093,31.47598736788249,11111.349818549692,11191.588284618118,continuous,0.093810416696396,0.002989289648143751,0.07167677747987203,1.3087979118863073,0.1906028144719305,-0.0466734856920448,0.2342943190848368,0.4401192261442759,False,0.1906028144719305,False
11cf0c,1,1,64.5,42380129.0,42357016.0,0.0471220840314101,0.0471653149504204,0.0449015932279468,0.0449407480160481,binary,4.3230919010303626e-05,0.00091742374937168,4.604883597004289e-05,0.9388060091818505,0.3478303530928921,-4.7023141020973e-05,0.00013348497904158024,0.6368196375647247,False,0.46377380412385616,False
11cf0c,1,2,64.5,42380129.0,42357016.0,0.059297753672705,0.0593012334369067,0.0954032296079277,0.0953015190187539,continuous,3.4797642017025954e-06,5.8682900888779285e-05,6.709015918142487e-05,0.05186698383428536,0.9586346819337468,-0.0001280145315109494,0.0001349740599143546,0.9818274564966599,False,0.9586346819337468,False
11cf0c,1,3,64.5,42380129.0,42357016.0,0.2059264218371839,0.2053172541415429,1.7927923256174825,1.7741831439597266,continuous,-0.0006091676956410108,-0.0029581813261566323,0.0002901535260113298,-2.0994668030235286,0.03577577123343012,-0.001177858156610523,-4.047723467149862e-05,0.13756669447960632,False,0.14310308493372048,False
11cf0c,1,4,64.5,42380129.0,42357016.0,4.3497703748672345,4.339917966049282,896.5268103243437,888.5182123603472,continuous,-0.009852408817952352,-0.0022650411329478677,0.006490862685845827,-1.5178889609599684,0.12904239329694045,-0.022574265910805094,0.0028694482749003925,0.34759628808717824,False,0.2580847865938809,False
162a38,1,1,42.0,3363506.0,3364553.0,0.2617370089424546,0.2616956843895757,0.193230747092312,0.1932110531614473,binary,-4.1324552878918563e-05,-0.00015788578407726882,0.00033893167468554826,-0.12192591087667473,0.9029576948060456,-0.0007056184284824391,0.0006229693227246019,0.9761692690587985,False,0.9029576948060456,False
162a38,1,2,42.0,3363506.0,3364553.0,0.5284677075974148,0.5279863362533667,1.724568498338285,1.7213843186928088,continuous,-0.00048137134404813153,-0.0009108812839986032,0.0010121032094280208,-0.47561487757772586,0.6343487742401162,-0.002465057183164452,0.001502314495068189,0.8447892273178306,False,0.85406407560894,False
162a38,1,3,42.0,3363506.0,3364553.0,1.7160061989098387,1.7142461806165528,23.86793470825682,23.927424100988546,continuous,-0.001760018293285981,-0.001025647980994534,0.0037693193030460667,-0.4669326612536308,0.640548056706705,-0.009147748373487889,0.005627711786915927,0.8447892273178306,False,0.85406407560894,False
162a38,1,4,42.0,3363506.0,3364553.0,36.26741818793775,36.197523995768286,12297.6876983994,12264.151393610877,continuous,-0.06989419216946402,-0.0019271896280918686,0.0854477427497024,-0.8179758753159977,0.4133709627807671,-0.23736869051912426,0.09758030618019622,0.6970315288101759,False,0.85406407560894,False
1bacbe,1,1,45.00000000000001,28452160.0,28444238.0,0.0469364364603601,0.046857011954407,0.0447334073927627,0.0446614323851116,binary,-7.942450595310041e-05,-0.0016921716249203946,5.605686633845248e-05,-1.4168557901296792,0.15652509439149487,-0.00018929394506264296,3.044493315644214e-05,0.39234250633657597,False,0.3760136709052387,False
1bacbe,1,2,45.00000000000001,28452160.0,28444238.0,0.0564998831580892,0.0564701879819746,0.0810994327087975,0.0812345893663174,continuous,-2.969517611460526e-05,-0.000525579425209019,7.554007562943524e-05,-0.39310492963067833,0.6942419832824365,-0.00017775100373773018,0.00011836065150851966,0.8556524112243568,False,0.6942419832824365,False
1bacbe,1,3,45.00000000000001,28452160.0,28444238.0,0.1985430802833823,0.1989049166870271,1.601989040904462,1.6161461261363728,continuous,0.00036183640364478853,0.0018224578924046922,0.00033633718825529067,1.075814439437316,0.282010253178929,-0.0002973723719970492,0.0010210451792866263,0.562544012885717,False,0.3760136709052387,False
1bacbe,1,4,45.00000000000001,28452160.0,28444238.0,4.083618118314339,4.092529654509562,756.3214693543129,762.902028310877,continuous,0.00891153619522278,0.0021822648291367017,0.007307748307461333,1.2194640291762584,0.22266812053342844,-0.00541138729548497,0.02323445968593053,0.4793025645380578,False,0.3760136709052387,False
2203f3,1,1,42.5,1891199.0,1890963.0,0.3009720288557682,0.3016161606546506,0.2103878667022108,0.2106438522865986,binary,0.0006441317988823969,0.0021401716343251212,0.0004718482526250175,1.3651246159035033,0.17221388643552804,-0.00028067378243079436,0.0015689373801955882,0.42059929956369346,False,0.6888555457421122,False
2203f3,1,2,42.5,1891199.0,1890963.0,0.5726957789991206,0.5724670027565577,1.6505206478493024,1.6413615647314357,continuous,-0.0002287762425629003,-0.00039947254886830866,0.0013193713255990652,-0.17339791923931924,0.8623386605396441,-0.0028146965229719372,0.0023571440378461366,0.9749288714112891,False,0.8623386605396441,False
2203f3,1,3,42.5,1891199.0,1890963.0,1.857328094510341,1.8594289298622888,22.829737973711573,22.645116149802494,continuous,0.0021008353519478273,0.001131106215513142,0.004903775025870999,0.4284118543090547,0.6683512956343689,-0.007510387087046303,0.011712057790941957,0.8533019025999057,False,0.8623386605396441,False
2203f3,1,4,42.5,1891199.0,1890963.0,39.98908302679416,40.07349542013676,12177.315500521025,12171.02710254284,continuous,0.0844123933425962,0.002110885945697649,0.11346962870099835,0.7439205918707084,0.45692451687941826,-0.137983992250493,0.30680877893568537,0.729417137278336,False,0.8623386605396441,False
26bd38,1,1,46.50000000000001,3813696.0,3798788.0,0.1517892354293577,0.1523607003075718,0.1287492634371287,0.1291469173093581,binary,0.0005714648782140785,0.0037648577423663003,0.00026030094526226797,2.195406637270818,0.028134441429310764,6.12844003583013e-05,0.001081645356069856,0.11403427855922767,False,0.05037537235467463,False
26bd38,1,2,46.50000000000001,3813696.0,3798788.0,0.203876114140896,0.2047590764602029,0.3428547946902338,0.3448670490823388,continuous,0.0008829623193069014,0.004330876733783038,0.00042506983644402643,2.077217067890374,0.037781529266005975,4.984074896227826e-05,0.0017160838896515245,0.1425224024786958,False,0.05037537235467463,False
26bd38,1,3,46.50000000000001,3813696.0,3798788.0,0.6466108884264741,0.6492566214046385,5.464457552530236,5.4772939194026495,continuous,0.0026457329781643946,0.004091692585942651,0.0016954951669638436,1.5604485519720828,0.11865391889511856,-0.0006773764850464643,0.005968842441375253,0.3252312453168358,False,0.11865391889511856,False
26bd38,1,4,46.50000000000001,3813696.0,3798788.0,16.041307828287884,16.142288205693585,3995.325115584285,4013.2009314693055,continuous,0.1009803774057012,0.0062950214836990015,0.04587012035339181,2.2014413005182867,0.027704797917684765,0.011076593546535562,0.19088416126486685,0.11350030114664403,False,0.05037537235467463,False
2c8a04,1,1,131.0,64817937.0,64812440.0,0.0630099658987912,0.064235492445586,0.0590397100962244,0.0601092939558591,binary,0.0012255265467948084,0.01944972559996766,4.287527287632153e-05,28.58344843220148,0.0,0.001141492556129891,0.0013095605374597258,0.0,True,0.0,True
2c8a04,1,2,131.0,64817937.0,64812440.0,0.0873787408425296,0.0893935139975371,0.1820378791027046,0.1872942138270873,continuous,0.0020147731550075043,0.02305793303474636,7.548666884333096e-05,26.690449928173035,0.0,0.0018668220027616739,0.0021627243072533347,0.0,True,0.0,True
2c8a04,1,3,131.0,64817937.0,64812440.0,0.2766856421845491,0.2823872239711004,2.911419616017956,2.9719959104372133,continuous,0.00570158178655128,0.020606713602971595,0.0003012842729857007,18.9242595707008,0.0,0.005111075462390972,0.006292088110711587,0.0,True,0.0,True
2c8a04,1,4,131.0,64817937.0,64812440.0,6.497300639752029,6.625151466012276,1805.04939479424,1843.5742090129,continuous,0.12785082626024646,0.019677529692565667,0.007502849501463928,17.040302652385694,0.0,0.11314551145595286,0.14255614106454007,0.0,True,0.0,True
329386,1,1,91.0,3892143.0,3777635.0,0.2203562407650489,0.2204829211927568,0.1717993679209447,0.1718702026550654,binary,0.00012668042770791477,0.0005748892215083013,0.00029939408535948004,0.42312397688526493,0.6722048096244777,-0.0004601211967809768,0.0007134820521968063,0.8533019025999057,False,0.8962730794993036,False
329386,1,2,91.0,3892143.0,3777635.0,0.4846677299390841,0.4846306969883012,1.9405057768524172,1.9414500465863436,continuous,-3.703295078288926e-05,-7.640894677998014e-05,0.0010062319225107382,-0.03680359363921299,0.9706416086816589,-0.0020092112789984345,0.001935145377432656,0.9845626096802119,False,0.9706416086816589,False
329386,1,3,91.0,3892143.0,3777635.0,1.5144903889045345,1.517953972048596,24.628636015895832,24.960482802648595,continuous,0.0034635831440614773,0.0022869627760178563,0.003596556585285218,0.9630275687117555,0.335533688396239,-0.0035855382314579094,0.010512704519580864,0.629691343111149,False,0.8962730794993036,False
329386,1,4,91.0,3892143.0,3777635.0,34.59561895528875,34.55020712274989,14733.58555268016,14638.085278778792,continuous,-0.04541183253886061,-0.0013126469162916465,0.0875237250252191,-0.5188516887938172,0.603864169635806,-0.21695518138107708,0.12613151630335587,0.8378208189632453,False,0.8962730794993036,False
329386,2,1,91.0,3892143.0,3774952.0,0.2203562407650489,0.2204009481445062,0.1717993679209447,0.1718243702015089,binary,4.470737945730385e-05,0.0002028868313512951,0.0002994278100143824,0.1493095417927284,0.8813093864096211,-0.0005421603441405874,0.0006315751030551951,0.9761692690587985,False,0.9706416086816589,False
329386,2,2,91.0,3892143.0,3774952.0,0.4846677299390841,0.4859927573456458,1.9405057768524172,1.9736763345106811,continuous,0.0013250274065617074,0.0027338882387078767,0.001010645747366599,1.3110700856499724,0.18983408622795483,-0.0006558018594053929,0.0033058566725288076,0.4401192261442759,False,0.8962730794993036,False
329386,2,3,91.0,3892143.0,3774952.0,1.5144903889045345,1.5166215535633434,24.628636015895832,24.909454420177536,continuous,0.002131164658808915,0.0014071826895847355,0.0035953299987416193,0.5927591235171269,0.5533423674106097,-0.004915552651261096,0.009177881968878927,0.8014288334304082,False,0.8962730794993036,False
329386,2,4,91.0,3892143.0,3774952.0,34.59561895528875,34.523872100533566,14733.58555268016,14517.51085557707,continuous,-0.07174685475518316,-0.002073871112059262,0.08735683059936655,-0.8213078961647152,0.41147091113742484,-0.24296309653350814,0.09946938702314181,0.6970315288101759,False,0.8962730794993036,False
3683df,1,1,68.5,46535521.0,46523482.0,0.0458290990230881,0.045771531030287,0.0437287927058201,0.0436764979774305,binary,-5.75679928010997e-05,-0.0012561449827346092,4.334157086036992e-05,-1.3282395320879041,0.18409898855316298,-0.00014251591072081543,2.7379925118616028e-05,0.4356628238431993,False,0.41583841915793496,False
3683df,1,2,68.5,46535521.0,46523482.0,0.0581217788813571,0.0580411579696724,0.0954674101444988,0.0952367406835899,continuous,-8.062091168469648e-05,-0.0013871033068218101,6.402002549643801e-05,-1.2593077097287648,0.20791920957896748,-0.00020609785594705098,4.485603257765801e-05,0.4647290453379275,False,0.41583841915793496,False
3683df,1,3,68.5,46535521.0,46523482.0,0.1845243129000407,0.184540600552106,1.5825525388196684,1.5857442413265057,continuous,1.6287652065294367e-05,8.826832523753986e-05,0.00026094486804235646,0.062417981957210066,0.9502299753493049,-0.0004951548912482813,0.00052773019537887,0.9761692690587985,False,0.9502299753493049,False
3683df,1,4,68.5,46535521.0,46523482.0,4.238831866407774,4.237691036965244,948.3046325112716,948.5504354989728,continuous,-0.0011408294425301335,-0.0002691376960645851,0.006384882097721488,-0.17867666545279676,0.8581915925829189,-0.0136549683995988,0.011373309514538533,0.9731279665895598,False,0.9502299753493049,False
39aed1,1,1,22.500000000000004,17037149.0,17034635.0,0.0372891027718311,0.0371445000142357,0.0358986255863029,0.0357647861329281,binary,-0.00014460275759539676,-0.003877882460197794,6.485840617906375e-05,-2.229514038959034,0.02577972226770342,-0.0002717228978010318,-1.748261738976169e-05,0.10793488114280222,False,0.05155944453540684,False
39aed1,1,2,22.500000000000004,17037149.0,17034635.0,0.0432159727346316,0.0430306110239796,0.0572200075712914,0.0569199413471635,continuous,-0.00018536171065199752,-0.004289194455721596,8.185333086615078e-05,-2.2645591656509008,0.023539745143626334,-0.00034579129116429376,-2.493213013970126e-05,0.10077126853619812,False,0.05155944453540684,False
39aed1,1,3,22.500000000000004,17037149.0,17034635.0,0.1382080819838755,0.1378949079030133,0.9824540960578108,0.98290772910157,continuous,-0.0003131740808622052,-0.0022659606903360596,0.0003396556348320404,-0.9220341096860345,0.3565107839590742,-0.0009788868922790926,0.0003525387305546823,0.6407104183415436,False,0.4753477119454323,False
39aed1,1,4,22.500000000000004,17037149.0,17034635.0,3.076133201272535,3.073447918525789,547.2374335076878,551.0817325060169,continuous,-0.002685282746746065,-0.0008729409850117078,0.008029377918009182,-0.33443222802145284,0.7380534235687657,-0.018422574284305264,0.013052008790813134,0.8874627523089316,False,0.7380534235687657,False
3b4300,1,1,39.5,536020.0,534896.0,0.1402522293944255,0.141498534294517,0.120581541544319,0.1214766990870204,binary,0.001246304900091505,0.008886168194778377,0.0006723544946611087,1.8536467712355367,0.06378971156316582,-7.148569428789631e-05,0.0025640954944709062,0.21712468553789993,False,0.15038862437045508,False
3b4300,2,1,39.5,536020.0,534184.0,0.1402522293944255,0.1405714135953154,0.120581541544319,0.1208110912751302,binary,0.0003191842008898882,0.002275787003657958,0.0006716526181638686,0.47522287458742035,0.6346281245420149,-0.0009972307408333272,0.0016355991426131036,0.8447892273178306,False,0.6346281245420149,False
3b4300,3,1,39.5,536020.0,535567.0,0.1402522293944255,0.1413567303437291,0.120581541544319,0.1213750051302594,binary,0.0011045009493035884,0.007875104403491843,0.0006720016017567679,1.6435988923231388,0.10025908291363672,-0.0002125979876929048,0.002421599886300082,0.29159321061141674,False,0.15038862437045508,False
3b62b9,1,1,88.00000000000001,2941603.0,2943744.0,0.2997892645608533,0.2995644322332377,0.209915661414916,0.2098255831740156,binary,-0.00022483232761560945,-0.0007499679081069009,0.0003776763841358447,-0.5953042018062467,0.5516401477603337,-0.0009650644383331796,0.0005153997831019607,0.8014288334304082,False,0.7355201970137782,False
3b62b9,1,2,88.00000000000001,2941603.0,2943744.0,0.5819650923891998,0.5806493806080006,1.7949755097510756,1.79579459313422,continuous,-0.001315711781199158,-0.0022608087639717947,0.0011046451035839654,-1.1910719351675914,0.2336253462598057,-0.0034807763999222478,0.0008493528375239316,0.49177490013804404,False,0.7355201970137782,False
3b62b9,1,3,88.00000000000001,2941603.0,2943744.0,1.8219803136810129,1.8192179533174608,24.390429102317317,24.165720058295783,continuous,-0.002762360363552041,-0.0015161307412653348,0.004062108072230771,-0.6800312336434337,0.4964846844171742,-0.010723945886433781,0.005199225159329699,0.760104292884632,False,0.7355201970137782,False
3b62b9,1,4,88.00000000000001,2941603.0,2943744.0,41.43848313712831,41.448452930070914,14335.94708516845,14377.913939016542,continuous,0.009969792942605693,0.00024059261314207943,0.09878128494930237,0.10092795358678014,0.9196076526516801,-0.18363796790461545,0.20357755378982684,0.9761692690587985,False,0.9196076526516801,False
3c9dfd,1,1,30.5,3683546.0,3682640.0,0.19594651458133,0.1970689505354854,0.1575514780047586,0.1582327792703278,binary,0.0011224359541553985,0.00572827721153222,0.00029281205735331517,3.833295468173948,0.00012643793316979846,0.0005485348675038241,0.0016963370408069728,0.0011202988962254236,True,0.0005057517326791938,True
3c9dfd,1,2,30.5,3683546.0,3682640.0,0.3448271274501658,0.3459546905352313,0.893587442343081,0.8930707458573123,continuous,0.0011275630850655083,0.003269937296996632,0.0006964892056491888,1.6189239918148064,0.10546361806646165,-0.00023753067362781294,0.0024926568437588295,0.298490717316671,False,0.14061815742194886,False
3c9dfd,1,3,30.5,3683546.0,3682640.0,1.0737905921155877,1.0783547525168435,11.92028159789287,11.963154910403594,continuous,0.004564160401255846,0.004250512562475998,0.0025464908306887545,1.792333334269799,0.07307958667060954,-0.0004268699138555978,0.00955519071636729,0.23797711556839518,False,0.14061815742194886,False
3c9dfd,1,4,30.5,3683546.0,3682640.0,26.718119213597635,26.802368937891984,8488.194146199432,8494.803948335875,continuous,0.08424972429434874,0.0031532804993051897,0.06790485896463545,1.2407024413116832,0.21471569211828712,-0.04884135365160858,0.21734080224030605,0.4716773225882164,False,0.21471569211828712,False
3da1aa,1,1,26.5,4801746.0,4795614.0,0.2004535433569372,0.2005438719630062,0.1602719203125857,0.1603260273810915,binary,9.032860606897342e-05,0.0004506211492012888,0.00025847562017270636,0.3494666737780694,0.7267389860214486,-0.00041627430035118566,0.0005969315124891325,0.879008106902133,False,0.9490273601462433,False
3da1aa,1,2,26.5,4801746.0,4795614.0,0.3532556015107594,0.3524690711781044,0.9253217469475882,0.9141249496981576,continuous,-0.0007865303326550221,-0.002226519068038235,0.0006191301490226557,-1.270379634874219,0.20394943388992814,-0.002000003126482344,0.0004269424611722996,0.46207992393890596,False,0.8157977355597126,False
3da1aa,1,3,26.5,4801746.0,4795614.0,1.070919852814219,1.0707812383671984,11.293475063222273,11.267264521586782,continuous,-0.00013861444702056858,-0.00012943494011835742,0.0021682816716256394,-0.06392824734650102,0.9490273601462433,-0.004388368431745126,0.004111139537703989,0.9761692690587985,False,0.9490273601462433,False
3da1aa,1,4,26.5,4801746.0,4795614.0,26.346437981434825,26.30134170764032,7577.983524552061,7475.651768913214,continuous,-0.0450962737945062,-0.0017116649251137312,0.05600914532558783,-0.805159113433283,0.4207278671942625,-0.1548721814375283,0.06467963384851587,0.7061555832643789,False,0.841455734388525,False
3fef62,2,1,71.5,1417888.0,1418367.0,0.3101648367148886,0.3108539609283069,0.2139626107805151,0.2142237759034895,binary,0.000689124213418324,0.0022217999329555995,0.0005494887081822733,1.2541184943351582,0.20979893910268643,-0.0003878538645303714,0.0017661022913670194,0.4647290453379275,False,0.6336445936631425,False
3fef62,2,2,71.5,1417888.0,1418367.0,0.7106949868769922,0.7119658107605005,2.9846811929443096,2.969638694195647,continuous,0.0012708238835082986,0.0017881424619198194,0.002049078237230574,0.6201929533085457,0.535130760268371,-0.0027452956629684475,0.005286943429985045,0.7902512390009665,False,0.7135076803578281,False
3fef62,2,3,71.5,1417888.0,1418367.0,2.1851751274388302,2.1869552157560666,35.06231332855118,35.005831916375215,continuous,0.0017800883172363058,0.0008146204370002541,0.007029148316384251,0.25324381235306925,0.8000798122895083,-0.011996789224867183,0.015556965859339794,0.9303446193268959,False,0.8000798122895083,False
3fef62,2,4,71.5,1417888.0,1418367.0,51.66437393095922,51.84212843369105,22287.475705158395,22430.328473869868,continuous,0.1777545027318297,0.003440562407073176,0.17757527034793885,1.001009331893679,0.31682229683157126,-0.17028663169509384,0.5257956371587532,0.6065793723257721,False,0.6336445936631425,False
449c53,1,1,64.5,5827192.0,5825720.0,0.2459333758009003,0.2462500772436711,0.1854501504680734,0.1856109767011571,binary,0.0003167014427707948,0.001287753001150954,0.0002523599946599907,1.2549589689736695,0.20949365533566633,-0.00017791505790150733,0.000811317943443097,0.4647290453379275,False,0.27932487378088844,False
449c53,1,2,64.5,5827192.0,5825720.0,0.5980364276060327,0.598764350150804,2.762809087177795,2.747982491330554,continuous,0.0007279225447712756,0.0012171876346816915,0.0009725337622770947,0.7484804877795859,0.45417039009187277,-0.0011782086030410685,0.0026340536925836197,0.729417137278336,False,0.45417039009187277,False
449c53,1,3,64.5,5827192.0,5825720.0,1.8836672236463263,1.8896379225545843,33.22567650154794,33.19521801383873,continuous,0.005970698908257965,0.003169720656231481,0.0033763706421523145,1.768377805954343,0.07699776436072248,-0.0006468659488189461,0.012588263765334878,0.24652225396164087,False,0.15399552872144495,False
449c53,1,4,64.5,5827192.0,5825720.0,42.96362958829901,43.157828036207015,18892.783056392225,19031.07990731818,continuous,0.19419844790800767,0.004520066152904756,0.08067781956064494,2.407085974380233,0.016080383788179997,0.03607282721792249,0.35232406859809284,0.07381477377465757,False,0.06432153515271999,False
4509ec,1,1,28.5,28471306.0,28461972.0,0.056871293505117,0.0559221265483642,0.0536369494801718,0.0527948423106729,binary,-0.0009491669567528033,-0.01668973744490974,6.11458961012121e-05,-15.522934120506232,0.0,-0.001069010710913607,-0.0008293232025919995,0.0,True,0.0,True
4509ec,1,2,28.5,28471306.0,28461972.0,0.0665537589151357,0.0654070591289575,0.0883492758040187,0.0868087547798027,continuous,-0.001146699786178193,-0.017229677254448957,7.84416323300027e-05,-14.618509994208756,0.0,-0.001300442560433531,-0.000992957011922855,0.0,True,0.0,True
4509ec,1,3,28.5,28471306.0,28461972.0,0.1959649972618984,0.1915537391054898,1.3518452432395134,1.3105378210533405,continuous,-0.004411258156408582,-0.022510439201104543,0.00030582052361726993,-14.424336549528668,0.0,-0.005010655368431612,-0.0038118609443855518,0.0,True,0.0,True
4509ec,1,4,28.5,28471306.0,28461972.0,4.410579142782166,4.336613107568939,713.0950123536538,703.9269275592331,continuous,-0.07396603521322653,-0.01677014124874522,0.007055372789830631,-10.483646635913924,0.0,-0.08779431177879846,-0.06013775864765461,0.0,True,0.0,True
47a23b,1,1,43.50000000000001,3168538.0,3164081.0,0.2150430261527556,0.213898759228983,0.1687995230558208,0.1681460800292846,binary,-0.0011442669237726188,-0.005321106869840038,0.0003262143232813538,-3.5077069541304025,0.0004519866392633798,-0.0017836352486451782,-0.0005048985989000594,0.0036639767991350574,True,0.0036158931141070383,True
47a23b,1,2,43.50000000000001,3168538.0,3164081.0,0.4218699251915032,0.419845600655426,1.3303732942727464,1.321724870249893,continuous,-0.0020243245360772044,-0.004798456621808925,0.0009152036103596691,-2.2118843426345944,0.0269746573784444,-0.0038180906509031843,-0.0002305584212512243,0.11171026588247084,False,0.0539493147568888,False
47a23b,1,3,43.50000000000001,3168538.0,3164081.0,1.329269004786607,1.320084595196937,17.460456023662438,17.32524825826858,continuous,-0.009184409589669817,-0.006909368650436733,0.0033145397511834002,-2.7709456754563524,0.005589375112217132,-0.015680788127315635,-0.002688031052024001,0.03380241139293218,True,0.022357500448868528,True
47a23b,1,4,43.50000000000001,3168538.0,3164081.0,32.42302914360697,32.22267455135765,11854.99097463373,11736.43849441621,continuous,-0.20035459224931884,-0.006179391547961641,0.08631768533738557,-2.321130269726337,0.02027981415002489,-0.36953414673945567,-0.03117503775918201,0.08881159989838486,False,0.0539493147568888,False
47a23b,2,1,43.50000000000001,3168538.0,3169596.0,0.2150430261527556,0.2153163999449772,0.1687995230558208,0.1689552478597118,binary,0.0002733737922215873,0.0012712516053759236,0.00032646379511199,0.8373784785728522,0.4023798590045531,-0.00036648348845417643,0.000913231072897351,0.6874741088822185,False,0.4023798590045531,False
47a23b,2,2,43.50000000000001,3168538.0,3169596.0,0.4218699251915032,0.422684741980615,1.3303732942727464,1.3247192599707105,continuous,0.0008148167891118274,0.0019314408078318225,0.000915322641212812,0.8901962569528343,0.37336051416431304,-0.000979182621899362,0.002608816200123017,0.6647212892364639,False,0.4023798590045531,False
47a23b,2,3,43.50000000000001,3168538.0,3169596.0,1.329269004786607,1.3341157375577062,17.460456023662438,17.54955510677242,continuous,0.00484673277109926,0.00364616398460094,0.0033237651330356435,1.4582055521692858,0.1447838938840449,-0.0016677271827205825,0.011361192724919103,0.3702192185894034,False,0.23165423021447182,False
47a23b,2,4,43.50000000000001,3168538.0,3169596.0,32.42302914360697,32.49610754861576,11854.99097463373,11848.171757022075,continuous,0.07307840500879337,0.0022539043062607448,0.08648433592346641,0.8449900693399958,0.3981163836588286,-0.0964277786280644,0.24258458864565113,0.6832537935766384,False,0.4023798590045531,False
48a675,1,1,67.5,1514040.0,1513940.0,0.1996321101159811,0.2004478380913378,0.1597791307266219,0.1602685022958466,binary,0.0008157279753567004,0.00408615615435204,0.00045977549189932433,1.7741867649009897,0.07603226268639385,-8.541542974016265e-05,0.0017168713804535634,0.24549400070776317,False,0.3041290507455754,False
48a675,1,2,67.5,1514040.0,1513940.0,0.3978764597357663,0.3997092072694219,1.4268126284995393,1.4288542626682144,continuous,0.0018327475336555876,0.004606323115654376,0.001373384922381935,1.334474773814289,0.18204830882674394,-0.0008590374511233427,0.004524532518434518,0.433502535393684,False,0.3159401052321258,False
48a675,1,3,67.5,1514040.0,1513940.0,1.2330108759194,1.2385176739334502,17.74343891860177,17.854068939600552,continuous,0.005506798014050185,0.004466139043537647,0.004848956817256168,1.1356665405748578,0.25609614895376653,-0.003996982710361873,0.015010578738462243,0.5274196364939733,False,0.3159401052321258,False
48a675,1,4,67.5,1514040.0,1513940.0,26.525556681425527,26.63840024679678,9601.578410810647,9568.19565169834,continuous,0.11284356537125362,0.004254145039311168,0.1125244714277039,1.0028357737610412,0.3159401052321258,-0.1077003460064524,0.33338747674895963,0.6065793723257721,False,0.3159401052321258,False
4db6c7,2,1,32.0,726855.0,727149.0,0.4950327094124688,0.493479328170705,0.249975326024219,0.2499574808388946,binary,-0.001553381241763796,-0.003137936569095468,0.0008292548614794701,-1.8732231196165172,0.061037581033467125,-0.0031786909042683087,7.192842074071676e-05,0.21141198521591795,False,0.061037581033467125,False
4db6c7,2,2,32.0,726855.0,727149.0,1.1769655191392168,1.1698343907695652,3.714843961858983,3.680830110028984,continuous,-0.007131128369651574,-0.006058910183593978,0.0031894903298488437,-2.2358206585280764,0.025363521153108914,-0.013382414545194085,-0.0008798421941090626,0.10737223954816107,False,0.03381802820414522,True
4db6c7,2,3,32.0,726855.0,727149.0,3.5076322118692107,3.4743356283644946,43.22107393792235,42.1132268010476,continuous,-0.03329658350471609,-0.009492609684688808,0.010834143737879528,-3.0733008819424197,0.0021170491658213386,-0.05453111503429013,-0.012062051975142058,0.013671114104710677,True,0.004234098331642677,True
4db6c7,2,4,32.0,726855.0,727149.0,79.72681611542374,78.89732068267864,26145.70303224083,25188.490120644616,continuous,-0.8294954327451052,-0.010404221228955275,0.2657274347356602,-3.121602530691906,0.001798696019667867,-1.350311634531217,-0.3086792309589935,0.012022862868306268,True,0.004234098331642677,True
51c502,1,1,43.50000000000001,1334450.0,1330051.0,0.229654914009517,0.2302250064095286,0.1769135344807983,0.1772214528332611,binary,0.0005700924000115737,0.0024823871175164523,0.0005155756232904197,1.1057409656895085,0.26883865335498136,-0.0004404172529444393,0.0015806020529675867,0.5477407857125556,False,0.8975429531967283,False
51c502,1,2,43.50000000000001,1334450.0,1330051.0,0.3976407370073783,0.3982143112262737,1.0617640023563415,1.054638808567147,continuous,0.0005735742188954229,0.0014424433050097183,0.001260391900919653,0.4550760906007972,0.6490544983498916,-0.0018967485133130732,0.003043896951103919,0.8468827529839339,False,0.8975429531967283,False
51c502,1,3,43.50000000000001,1334450.0,1330051.0,1.312399434321572,1.3130308132011246,16.03638202553129,15.994180615399996,continuous,0.0006313788795526687,0.0004810874365235093,0.00490331119635485,0.12876581849874008,0.8975429531967283,-0.008978934470294844,0.010241692229400181,0.9761692690587985,False,0.8975429531967283,False
51c502,1,4,43.50000000000001,1334450.0,1330051.0,28.21727625170218,28.173198831812066,8579.877075882674,8526.843095147487,continuous,-0.044077419890115266,-0.001562072097141422,0.11331565413124192,-0.38897908879442994,0.6972916153756268,-0.2661720208719468,0.1780171810917163,0.8556524112243568,False,0.8975429531967283,False
530a76,1,1,54.0,56484793.0,56448212.0,0.0378945356142139,0.0379201204814069,0.0364585397847969,0.0364821849440825,binary,2.558486719300007e-05,0.0006751598028134541,3.594095711764319e-05,0.7118583330536692,0.4765525061980107,-4.4858114327479094e-05,9.602784871347924e-05,0.7410877749446615,False,0.6050200150947984,False
530a76,1,2,54.0,56484793.0,56448212.0,0.0472162412355382,0.0472428400471762,0.0746743727454649,0.0746761026178366,continuous,2.659881163800254e-05,0.0005633403028698192,5.142897679478495e-05,0.5171950385896018,0.6050200150947984,-7.420013064152215e-05,0.00012739775391752722,0.8378208189632453,False,0.6050200150947984,False
530a76,1,3,54.0,56484793.0,56448212.0,0.1374232044346016,0.1375299374773322,1.0806807239577758,1.0808055913204548,continuous,0.00010673304273059459,0.0007766740935035307,0.00019565043943466903,0.5455292768010089,0.5853895505314077,-0.00027673477212079183,0.000490200857581981,0.8304189905921382,False,0.6050200150947984,False
530a76,1,4,54.0,56484793.0,56448212.0,3.2519122485930643,3.2618908685123444,669.1617039691499,678.7644253913855,continuous,0.009978619919280174,0.0030685391106717013,0.004885827455004807,2.042360278003382,0.0411158069001758,0.00040257407279376163,0.019554665765766588,0.1520885672715241,False,0.1644632276007032,False
54a85a,0,1,55.5,3320536.0,102316.0,0.2511913739227642,0.2505375503342585,0.1880942675895582,0.1877684862067674,binary,-0.0006538235885056864,-0.0026028902915540514,0.0013754373124730654,-0.47496963495580885,0.6348086165718232,-0.003349631183945459,0.0020419840069340863,0.8447892273178306,False,0.7617703398861878,False
54a85a,0,2,55.5,3320536.0,102316.0,0.5623185542347209,0.5629539123210009,2.239961432147286,2.211260511101195,continuous,0.0006353580862800134,0.001129889955604781,0.0047208736320823105,0.13458485352419103,0.8929401177793268,-0.00861738420816611,0.009888100380726137,0.9761692690587985,False,0.8929401177793268,False
54a85a,0,3,55.5,3320536.0,102316.0,1.8492489932865688,1.8459215092126484,30.287377195943016,29.942565889405284,continuous,-0.0033274840739203615,-0.0017993704936438044,0.017371504372431637,-0.19154841184630145,0.8480959554665064,-0.037375007001166444,0.03072003885332572,0.9645509224857879,False,0.8929401177793268,False
54a85a,0,4,55.5,3320536.0,102316.0,38.69997612806615,38.51452304383949,15279.22041025148,14557.64867596333,continuous,-0.1854530842266584,-0.004792072315831828,0.38325276891640286,-0.4838923532137883,0.6284622675451268,-0.9366147082780599,0.5657085398247431,0.8447892273178306,False,0.7617703398861878,False
54a85a,1,1,55.5,3320536.0,3316730.0,0.2511913739227642,0.2522044302671607,0.1880942675895582,0.1885973556207776,binary,0.0010130563443965235,0.004033006104373695,0.0003369097700431301,3.0069072502590375,0.002639202743392133,0.00035272532907231684,0.0016733873597207301,0.016484200741514795,True,0.03167043292070559,True
54a85a,1,2,55.5,3320536.0,3316730.0,0.5623185542347209,0.5641986141515749,2.239961432147286,2.2379959183364826,continuous,0.0018800599168540266,0.003343407224776117,0.0011616100999798688,1.618494808960949,0.10555600463992221,-0.0003966540431844874,0.00415677387689254,0.298490717316671,False,0.21111200927984441,False
54a85a,1,3,55.5,3320536.0,3316730.0,1.8492489932865688,1.858387576208136,30.287377195943016,30.61076448123977,continuous,0.009138582921567329,0.004941780665958794,0.004283740349257459,2.133318589944744,0.03289860024658342,0.0007426061179016761,0.017534559725232983,0.13194070204156086,False,0.19739160147950052,False
54a85a,1,4,55.5,3320536.0,3316730.0,38.69997612806615,38.76517686357288,15279.22041025148,15267.465291548106,continuous,0.06520073550673544,0.0016847745665520013,0.09594060614614819,0.6795947839584617,0.4967610733025547,-0.12283939719465717,0.2532408682081281,0.760104292884632,False,0.745141609953832,False
54a85a,2,1,55.5,3320536.0,3320435.0,0.2511913739227642,0.2506120433015553,0.1880942675895582,0.1878056470537747,binary,-0.0005793306212089067,-0.002306331671194402,0.0003364614537247462,-1.7218331512154057,0.08509974738840498,-0.0012387829526953993,8.012171027758593e-05,0.2636016565445715,False,0.21111200927984441,False
54a85a,2,2,55.5,3320536.0,3320435.0,0.5623185542347209,0.5604104206311485,2.239961432147286,2.2240694322451926,continuous,-0.0019081336035723373,-0.003393332105445433,0.0011594787364759178,-1.6456822738913324,0.099829190387424,-0.004180670167905145,0.0003644029607604701,0.29159321061141674,False,0.21111200927984441,False
54a85a,2,3,55.5,3320536.0,3320435.0,1.8492489932865688,1.8419743857189887,30.287377195943016,30.05958107381872,continuous,-0.007274607567580027,-0.0039338172382353265,0.004263113407661743,-1.7064072362011233,0.08793228426586763,-0.01563015630860686,0.0010809411734468092,0.26801760244236456,False,0.21111200927984441,False
54a85a,2,4,55.5,3320536.0,3320435.0,38.69997612806615,38.58972604216783,15279.22041025148,15295.165030142303,continuous,-0.11025008589831486,-0.002848841186192848,0.09595731245363741,-1.1489492887952977,0.2505768918452116,-0.298322962360701,0.07782279056407126,0.5216928731859324,False,0.42956038602036273,False
591c2c,1,1,12.5,34497.0,34626.0,0.1930022900542076,0.1966152602090914,0.1557524060880391,0.1579576996620027,binary,0.0036129701548837934,0.01871983049459691,0.0030127692536232715,1.1991908007517438,0.23045376346235535,-0.002291949075947438,0.009517889385715024,0.49177490013804404,False,0.8432654722439652,False
591c2c,1,2,12.5,34497.0,34626.0,0.2751652557114693,0.2737565709664375,0.4636399802279563,0.4525384945663065,continuous,-0.0014086847450318074,-0.005119413573452439,0.0051487216922005835,-0.27359892984033674,0.7843928564919145,-0.011499993828165073,0.008682624338101458,0.9252435861406174,False,0.8432654722439652,False
591c2c,1,3,12.5,34497.0,34626.0,0.9400440681897252,0.9287736121541216,7.979821145603674,7.236831857184144,continuous,-0.011270456035603615,-0.011989284776093014,0.020983784608024178,-0.5371031130053538,0.5911963906131028,-0.05239791812667694,0.02985700605546971,0.8311654052531076,False,0.8432654722439652,False
591c2c,1,4,12.5,34497.0,34626.0,21.002611544371312,21.10194558373288,4348.668864054042,4374.935771027568,continuous,0.09933403936156893,0.004729604180494896,0.5024018522355926,0.197718298448844,0.8432654722439652,-0.8853554967864067,1.0840235755095446,0.9645509224857879,False,0.8432654722439652,False
5ca6d6,1,1,44.00000000000001,163759.0,163789.0,0.5355186585164785,0.5378200001221083,0.2487384248971897,0.2485696475907637,binary,0.002301341605629781,0.004297406951244381,0.0017425702082442067,1.320655856023042,0.18661613943257915,-0.0011140332430613262,0.005716716454320888,0.43889351310995467,False,0.3732322788651583,False
5ca6d6,1,2,44.00000000000001,163759.0,163789.0,1.2456425352078269,1.2572892305625607,4.188357014729789,4.302420869651059,continuous,0.011646695354733838,0.009349949945945502,0.007200306712101139,1.6175276721420644,0.10576442739567082,-0.0024656464786264078,0.025759037188094084,0.298490717316671,False,0.3732322788651583,False
5ca6d6,1,3,44.00000000000001,163759.0,163789.0,3.83131389625142,3.8363273331216567,56.33649312712369,54.56691205503,continuous,0.005013436870236809,0.0013085424494041027,0.02602257575377575,0.1926572110952308,0.8472274361696868,-0.045989874392128906,0.056016748132602524,0.9645509224857879,False,0.8472274361696868,False
5ca6d6,1,4,44.00000000000001,163759.0,163789.0,79.33634724139192,79.77139040861681,26722.48794220354,26806.814886432363,continuous,0.4350431672248902,0.00548352908032444,0.5717067052942353,0.7609551596932738,0.4466838503903814,-0.6854813848718655,1.555567719321646,0.729417137278336,False,0.5955784671871752,False
64dc88,1,1,37.5,14062410.0,13649643.0,0.0632699515943568,0.0632631930373563,0.0592668648196046,0.0592609614440745,binary,-6.7585570005107565e-06,-0.00010682096050652848,9.249938112408932e-05,-0.07306591572711629,0.9417536644453324,-0.00018805401259596992,0.0001745368985949484,0.9761692690587985,False,0.9417536644453324,False
64dc88,1,2,37.5,14062410.0,13649643.0,0.079401499664501,0.0790888831932303,0.1239826667915907,0.1214407172603726,continuous,-0.0003126164712706908,-0.003937160791566964,0.00013309241208287994,-2.3488677256522843,0.018830594989503124,-0.000573472805568699,-5.176013697268263e-05,0.08440537283530224,False,0.0753223799580125,False
64dc88,1,3,37.5,14062410.0,13649643.0,0.2477520093892994,0.2484358742322062,1.9904648370059776,2.0109029999751007,continuous,0.0006838648429068062,0.002760279703048668,0.0005374642557689554,1.2723912996379527,0.20323412379560102,-0.0003695457413779703,0.0017372754271915826,0.46207992393890596,False,0.40646824759120204,False
64dc88,1,4,37.5,14062410.0,13649643.0,5.964085690123696,5.984764849511042,1307.4059327810855,1330.6799729744594,continuous,0.020679159387346324,0.0034672807303205324,0.013800722646692232,1.4984113453147847,0.13402641054372588,-0.006369759960796743,0.04772807873548939,0.3570913455745424,False,0.3574037614499357,False
64dc88,2,1,37.5,14062410.0,13642321.0,0.0632699515943568,0.0631804514788942,0.0592668648196046,0.0591886820298173,binary,-8.950011546260406e-05,-0.001414575374364389,9.248333638727418e-05,-0.9677334506084433,0.3331775075704675,-0.00027076412395176416,9.176389302655602e-05,0.628418962298753,False,0.533084012112748,False
64dc88,2,2,37.5,14062410.0,13642321.0,0.079401499664501,0.0788956188079979,0.1239826667915907,0.120988702544076,continuous,-0.0005058808565030909,-0.006371175086624482,0.00013298583385245525,-3.804020637749688,0.00014236631146458123,-0.0007665283013079307,-0.0002452334116982511,0.0012327628333637603,True,0.0011389304917166498,True
64dc88,2,3,37.5,14062410.0,13642321.0,0.2477520093892994,0.2476282139722158,1.9904648370059776,1.997328593897051,continuous,-0.00012379541708359976,-0.0004996747246924512,0.0005366114743464299,-0.23069841589648704,0.8175491042665362,-0.0011755345804935415,0.000927943746326342,0.9445174580369999,False,0.9343418334474699,False
64dc88,2,4,37.5,14062410.0,13642321.0,5.964085690123696,5.974310523863052,1307.4059327810855,1328.325756199908,continuous,0.010224833739355788,0.0017144008772858063,0.013796365519084669,0.7411251699015701,0.45861754964245294,-0.016815545795600413,0.03726521327431199,0.729417137278336,False,0.6114900661899373,False
65c732,1,1,60.5,634458.0,636159.0,0.5831465597407551,0.582703380758584,0.243086649603277,0.2431601508111006,binary,-0.00044317898217116625,-0.0007599787305067646,0.0008748556291054303,-0.5065736939811853,0.6124539699195843,-0.0021578645068899413,0.0012715065425476086,0.8403674435599291,False,0.9305685922751747,False
65c732,1,2,60.5,634458.0,636159.0,1.192593853642543,1.1889153876265743,3.6340252036393257,3.5762592669804767,continuous,-0.003678466015968551,-0.0030844247643348165,0.0033688880927378725,-1.0918932047336387,0.27488004485840434,-0.010281365345680615,0.0029244333137435127,0.5570707292077237,False,0.9305685922751747,False
65c732,1,3,60.5,634458.0,636159.0,3.864672214226828,3.863559688411322,51.63626428811143,51.94365216744308,continuous,-0.0011125258155058049,-0.0002878706792804622,0.012768649675548362,-0.0871294807027452,0.9305685922751747,-0.026138619310789642,0.023913567679778033,0.9761692690587985,False,0.9305685922751747,False
65c732,1,4,60.5,634458.0,636159.0,78.91501146765492,78.84006310368248,26049.23685127046,26192.65808792567,continuous,-0.07494836397243887,-0.0009497351971260643,0.28675877658060994,-0.26136380154129424,0.7938119692656769,-0.6369852383212022,0.4870885103763245,0.9303446193268959,False,0.9305685922751747,False
6c4737,3,1,32.5,3050265.0,3047458.0,0.1825700389966117,0.1823739654492367,0.1492382198573874,0.1491137021755573,binary,-0.0001960735473749975,-0.001073963441387206,0.0003128207667521741,-0.6267918381004923,0.530795694340525,-0.0008091909838254636,0.0004170438890754686,0.7868994534775877,False,0.5874116975188686,False
6c4737,3,2,32.5,3050265.0,3047458.0,0.2878389162810309,0.2874941542682456,0.6184101653468752,0.6125182866001578,continuous,-0.0003447620127853268,-0.0011977602516010002,0.0006353998742419881,-0.542590621687826,0.5874116975188686,-0.0015901228820809031,0.0009005988565102495,0.8304189905921382,False,0.5874116975188686,False
6c4737,3,3,32.5,3050265.0,3047458.0,0.890210103637051,0.8876029895436857,8.808006699889996,8.70405458324272,continuous,-0.002607114093365337,-0.0029286503070608686,0.0023966203283698273,-1.087829416492802,0.2766704206570907,-0.007304403621586756,0.0020901754348560822,0.5577324352928653,False,0.5874116975188686,False
6c4737,3,4,32.5,3050265.0,3047458.0,20.82953792584501,20.7715282735028,5464.546319217837,5421.739125248762,continuous,-0.05800965234221067,-0.002784970677157129,0.059754506449078724,-0.9707996231488419,0.3316480703038329,-0.17512633289637136,0.05910702821195002,0.628418962298753,False,0.5874116975188686,False
6f8a33,1,1,118.5,3057915.0,3053850.0,0.3078296813351581,0.3090734646429916,0.2130705686242531,0.213547058096569,binary,0.0012437833078335347,0.004040491814950526,0.00037363825003533383,3.32884308318983,0.0008720752285891198,0.0005114657945177089,0.0019761008211493605,0.006514914942989306,True,0.0017441504571782396,True
6f8a33,1,2,118.5,3057915.0,3053850.0,0.6280588812253218,0.637543273275545,2.071836197264811,2.154624885666403,continuous,0.009484392050223223,0.015101119232196019,0.001176042554038081,8.064667403111768,6.661338147750939e-16,0.007179391000022083,0.011789393100424362,9.761422439588876e-15,True,2.6645352591003757e-15,True
6f8a33,1,3,118.5,3057915.0,3053850.0,1.9860737999318423,1.996768668496237,27.79882568957293,28.176542404224087,continuous,0.01069486856439461,0.005384930089084119,0.00427987637007253,2.498873247643218,0.012458886436783612,0.002306465020768431,0.019083272108020792,0.06329114309886075,False,0.012458886436783612,True
6f8a33,1,4,118.5,3057915.0,3053850.0,45.47757892351079,45.75082289416541,16810.10360931901,16995.078286995104,continuous,0.2732439706546188,0.006008322719074176,0.1051778282676442,2.59792367987766,0.009378933715553206,0.06709921527789736,0.47938872603134025,0.05178802529892422,False,0.012458886436783612,True
79f97f,1,1,53.0,1554281.0,1553975.0,0.5568452551372628,0.5663141298926946,0.2467686169683794,0.2456024361765748,binary,0.009468874755431789,0.017004499307617705,0.0005628631479269347,16.82192473820225,0.0,0.008365683257270155,0.010572066253593422,0.0,True,0.0,True
79f97f,1,2,53.0,1554281.0,1553975.0,1.1341238756520555,1.1604109642819678,3.180652193804418,3.271144110452937,continuous,0.026287088629912247,0.02317832222233986,0.0020374981972388602,12.901650006628476,0.0,0.022293665544758794,0.0302805117150657,0.0,True,0.0,True
79f97f,1,3,53.0,1554281.0,1553975.0,4.088009178172627,4.133097483871964,53.6157656763129,53.85297686176149,continuous,0.04508830569933675,0.011029404224452252,0.008315679459981223,5.422083176284258,5.890845833356195e-08,0.02878987345079407,0.06138673794787943,6.065979087861379e-07,True,5.890845833356195e-08,True
79f97f,1,4,53.0,1554281.0,1553975.0,89.62682820644592,90.70366732611792,30111.250313685043,30206.598054520386,continuous,1.0768391196720017,0.012014696282586466,0.19700605025434625,5.4660205525756185,4.60250997313949e-08,0.6907143564369951,1.4629638829070084,4.870989721572627e-07,True,5.890845833356195e-08,True
7a99e4,1,1,45.00000000000001,18810717.0,18805216.0,0.0468681762635629,0.0469001260075927,0.0446715503172905,0.0447005041880647,binary,3.194974402979944e-05,0.0006816937755403636,6.893344202827474e-05,0.4634868724409821,0.6430154223679025,-0.00010315731967599874,0.00016705680773559763,0.8447892273178306,False,0.6430154223679025,False
7a99e4,1,2,45.00000000000001,18810717.0,18805216.0,0.0563424133781756,0.0564396347134541,0.0806345789029832,0.0810012800992407,continuous,9.722133527849397e-05,0.00172554438919638,9.270390173975304e-05,1.0487297023530109,0.29430253975084186,-8.447497335776206e-05,0.00027891764391475,0.5720881002299527,False,0.5886050795016837,False
7a99e4,1,3,45.00000000000001,18810717.0,18805216.0,0.1983446824462746,0.1985524887299913,1.6087603057021571,1.6094150322639678,continuous,0.00020780628371669385,0.0010477028229530787,0.00041365086896878934,0.5023712007054267,0.6154064332817812,-0.0006029345216358303,0.001018547089069218,0.8403674435599291,False,0.6430154223679025,False
7a99e4,1,4,45.00000000000001,18810717.0,18805216.0,4.068562997689604,4.082891291155284,749.3515802299951,756.7501582945891,continuous,0.014328293465680098,0.003521708641064828,0.008948626757704043,1.6011723199142927,0.10933875780700042,-0.003210692690511264,0.031867279621871455,0.30630931415049384,False,0.3925571674547251,False
7a99e4,2,1,45.00000000000001,18810717.0,18796326.0,0.0468681762635629,0.0469090076433022,0.0446715503172905,0.0447085526452228,binary,4.083137973930062e-05,0.0008711962571294776,6.89447015581812e-05,0.592233849659132,0.5536940054528476,-9.429775223959708e-05,0.00017596051171819832,0.8014288334304082,False,0.6430154223679025,False
7a99e4,2,2,45.00000000000001,18810717.0,18796326.0,0.0563424133781756,0.0564224675931803,0.0806345789029832,0.0809395701854468,continuous,8.005421500469762e-05,0.0014208517208406774,9.269718202120828e-05,0.8636100176851323,0.3878021591794105,-0.00010162892322522444,0.0002617373532346197,0.6746695098052758,False,0.6204834546870568,False
7a99e4,2,3,45.00000000000001,18810717.0,18796326.0,0.1983446824462746,0.1989448545364045,1.6087603057021571,1.615109074911785,continuous,0.0006001720901299135,0.003025904615781577,0.00041406575946277086,1.4494608076470898,0.1472089377955219,-0.0002113818856483425,0.0014117260659081694,0.37143447218605197,False,0.3925571674547251,False
7a99e4,2,4,45.00000000000001,18810717.0,18796326.0,4.068562997689604,4.089367431030527,749.3515802299951,759.5877506593421,continuous,0.02080443334092319,0.005113459802081793,0.00895812027874744,2.322410583197946,0.02021083803971435,0.0032468402254002965,0.03836202645644608,0.08881159989838486,False,0.1616867043177148,False
7cd85b,1,1,45.00000000000001,2812567.0,2812436.0,0.2257002233191244,0.2264104854297129,0.1747596325128218,0.1751487775171946,binary,0.0007102621105884999,0.003146926928752918,0.00035272059205354546,2.0136671603111083,0.04404449007171385,1.894245355790595e-05,0.0014015817676190938,0.1598185782602188,False,0.24795798119692591,False
7cd85b,1,2,45.00000000000001,2812567.0,2812436.0,0.4597967471001969,0.4614093243760303,1.5404625035676451,1.550261996265946,continuous,0.0016125772758334156,0.0035071524233337165,0.001048295646397259,1.5382848162877119,0.12397899059846296,-0.00044204443625534776,0.003667198987922179,0.3373999672715313,False,0.24795798119692591,False
7cd85b,1,3,45.00000000000001,2812567.0,2812436.0,1.4030738005123238,1.4090691530028412,18.43172058745113,18.61841030902545,continuous,0.005995352490517414,0.00427301292941843,0.0036295143478887416,1.651833252568587,0.09856854792847569,-0.0011183649127159004,0.013109069893750727,0.2911210601608468,False,0.24795798119692591,False
7cd85b,1,4,45.00000000000001,2812567.0,2812436.0,31.551169495093227,31.59953000607351,10637.118789552713,10629.110311394534,continuous,0.04836051098028449,0.0015327644507061907,0.08695586126099257,0.5561501005105733,0.5781082479879378,-0.12206984533592263,0.2187908672964916,0.8249409830839113,False,0.8737539723507423,False
7cd85b,2,1,45.00000000000001,2812567.0,2813000.0,0.2257002233191244,0.225643085673658,0.1747596325128218,0.1747282835613282,binary,-5.713764546638744e-05,-0.00025315723939536736,0.000352490918137179,-0.16209678827867988,0.8712296353324791,-0.0007480071498927147,0.0006337318589599399,0.9761692690587985,False,0.8823855726320717,False
7cd85b,2,2,45.00000000000001,2812567.0,2813000.0,0.4597967471001969,0.4599516340742995,1.5404625035676451,1.5424489904694845,continuous,0.0001548869741025971,0.00033685965609679447,0.0010469172750097561,0.14794576209581958,0.8823855726320717,-0.00189703317970934,0.0022068071279145343,0.9761692690587985,False,0.8823855726320717,False
7cd85b,2,3,45.00000000000001,2812567.0,2813000.0,1.4030738005123238,1.4014597216652305,18.43172058745113,18.343610982037998,continuous,-0.0016140788470933032,-0.0011503877034151249,0.0036158481771792193,-0.44639010489441283,0.6553154792630567,-0.008701011047929377,0.005472853353742771,0.8492353659837572,False,0.8737539723507423,False
7cd85b,2,4,45.00000000000001,2812567.0,2813000.0,31.551169495093227,31.405174837754963,10637.118789552713,10450.542505466365,continuous,-0.14599465733826378,-0.004627234415541033,0.08658570650787777,-1.6861288453537173,0.09177098518823712,-0.3156995236696596,0.023710208993132004,0.27749797902157414,False,0.24795798119692591,False
81761c,1,1,118.5,1876887.0,1872959.0,0.2617738840963787,0.2617371763076501,0.1932483177014744,0.1932308268461481,binary,-3.670778872860714e-05,-0.0001402270851247034,0.0004540164005139929,-0.08085123558278158,0.9355602613032157,-0.0009265635821265457,0.0008531480046693314,0.9761692690587985,False,0.9355602613032157,False
81761c,1,2,118.5,1876887.0,1872959.0,0.7886065447546743,0.7860347816893399,5.608989327514593,5.53807023368984,continuous,-0.0025717630653343537,-0.0032611485187894265,0.0024383005330693075,-1.0547358828228794,0.29154613586358713,-0.0073507442936350115,0.002207218162966304,0.5720881002299527,False,0.46647381738173943,False
81761c,1,3,118.5,1876887.0,1872959.0,2.547900227153684,2.54600254061215,65.66972581849974,65.5732532967744,continuous,-0.001897686541534327,-0.0007448041023389188,0.008366549651369192,-0.22681829674240553,0.820565035722433,-0.018295822533084087,0.014500449450015433,0.9445174580369999,False,0.9355602613032157,False
81761c,1,4,118.5,1876887.0,1872959.0,55.3311621764339,55.25681391640892,33481.5331605963,33597.48273569284,continuous,-0.0743482600249763,-0.001343695977104236,0.18914821813137606,-0.39306878362098274,0.6942686793579349,-0.4450719553023994,0.2963754352524468,0.8556524112243568,False,0.9256915724772465,False
81761c,2,1,118.5,1876887.0,14690234.0,0.2617738840963787,0.2654021031931826,0.1932483177014744,0.1949638268138178,binary,0.0036282190968038863,0.0138601263045326,0.00034093080056630913,10.605752288594587,0.0,0.0029600070064735124,0.00429643118713426,0.0,True,0.0,True
81761c,2,2,118.5,1876887.0,14690234.0,0.7886065447546743,0.8045214117582984,5.608989327514593,5.776229610106291,continuous,0.0159148670036241,0.020180997874643582,0.0018389277881990208,8.654427381953123,0.0,0.012310634768584119,0.01951909923866408,0.0,True,0.0,True
81761c,2,3,118.5,1876887.0,14690234.0,2.547900227153684,2.604438608436053,65.66972581849974,67.66511766455196,continuous,0.05653838128236899,0.02219018652293511,0.0062924375665949625,8.985131864083588,0.0,0.044205430276876005,0.06887133228786198,0.0,True,0.0,True
81761c,2,4,118.5,1876887.0,14690234.0,55.3311621764339,56.61418905180046,33481.5331605963,34734.42608743278,continuous,1.2830268753665592,0.023188142538473795,0.14213838896122646,9.026603472454951,0.0,1.0044407521820098,1.5616129985511087,0.0,True,0.0,True
834947,1,1,43.50000000000001,15071694.0,15041855.0,0.0776546418737004,0.0776504626590271,0.0716243984691677,0.0716208683078661,binary,-4.179214673299958e-06,-5.3817963388423645e-05,9.753811878343606e-05,-0.0428469876520521,0.9658235076293273,-0.0001953504146086244,0.00018699198526202449,0.9839004181999298,False,0.9658235076293273,False
834947,1,2,43.50000000000001,15071694.0,15041855.0,0.1022686177028411,0.1021342684724516,0.1774487438303034,0.1762810744399064,continuous,-0.0001343492303894911,-0.00131368970664946,0.00015327430844789107,-0.8765280479811529,0.38074303542439836,-0.00043476135470264094,0.00016606289392365875,0.6723582623278894,False,0.9658235076293273,False
834947,1,3,43.50000000000001,15071694.0,15041855.0,0.3199164125171804,0.319682166382278,2.89257657479394,2.8972216740526973,continuous,-0.00023424613490241608,-0.0007322104329043651,0.0006201062777662404,-0.37775159404323777,0.7056151361300373,-0.0014496321059114382,0.000981139836106606,0.8561763275972746,False,0.9658235076293273,False
834947,1,4,43.50000000000001,15071694.0,15041855.0,7.608550252179398,7.604887206947184,1925.2866621919204,1910.4743687697803,continuous,-0.0036630452322148344,-0.0004814380020905545,0.015960966297280735,-0.22950021721672995,0.8184801518171598,-0.0349459643333427,0.027619873868913028,0.9445174580369999,False,0.9658235076293273,False
84f653,1,1,2.0,166483.0,164860.0,0.0482631860310061,0.0482166686885842,0.0459338509051426,0.0458918215491595,binary,-4.6517342421899255e-05,-0.00096382659843498,0.0007444968759741367,-0.06248144130455676,0.9501794407535813,-0.0015057044059337908,0.0014126697210899923,0.9761692690587985,False,0.9501794407535813,False
84f653,1,2,2.0,166483.0,164860.0,0.0534751969047948,0.0540635635119477,0.0637489773045985,0.067204872071326,continuous,0.0005883666071529042,0.011002607586474337,0.0008891366460373804,0.6617279917266716,0.5081455619932318,-0.0011543091964150995,0.002331042410720908,0.7655146766009424,False,0.9501794407535813,False
84f653,1,3,2.0,166483.0,164860.0,0.1891520088427528,0.1903288623582725,1.4400627809036737,1.392469196022636,continuous,0.0011768535155197157,0.006221734163542858,0.004134765138903024,0.28462402965696415,0.7759321993824959,-0.006927137241261965,0.009280844272301397,0.9226768114845728,False,0.9501794407535813,False
84f653,1,4,2.0,166483.0,164860.0,4.7126951449545285,4.633700369442442,1045.839027103134,937.0660948644686,continuous,-0.07899477551208633,-0.016762122964108797,0.10938906769073792,-0.7221450660446108,0.47020529336743855,-0.2933934084883467,0.13540385746417405,0.7364401126037186,False,0.9501794407535813,False
873d9d,1,1,45.50000000000001,33420960.0,33416336.0,0.0469426671166836,0.0468123734451317,0.0447390531206558,0.0446209751375652,binary,-0.00013029367155190097,-0.002775591579149837,5.171031602647726e-05,-2.5196839521530725,0.011746024726645876,-0.00023164402859298077,-2.894331451082118e-05,0.06130459480619286,False,0.046984098906583505,True
873d9d,1,2,45.50000000000001,33420960.0,33416336.0,0.0581312941564433,0.0579965723757234,0.0893644916991629,0.0893746080485648,continuous,-0.00013472178071990276,-0.002317543118123926,7.313332971648807e-05,-1.8421392987598297,0.06545477669521449,-0.00027806047303371225,8.616911593906752e-06,0.2206926541670506,False,0.13090955339042898,False
873d9d,1,3,45.50000000000001,33420960.0,33416336.0,0.1747642251043243,0.1745541301872844,1.3538715200431397,1.3657504315477156,continuous,-0.00021009491703988248,-0.0012021620381085876,0.0002852724931599347,-0.7364709955477383,0.461444112572865,-0.0007692187294133034,0.00034902889533353846,0.729417137278336,False,0.461444112572865,False
873d9d,1,4,45.50000000000001,33420960.0,33416336.0,4.478722657428586,4.467661131688119,959.5529635969858,960.2037097384824,continuous,-0.011061525740466926,-0.0024697947576905314,0.007579292386024233,-1.45944043019949,0.14444392505217074,-0.025916665845373076,0.0037936143644392226,0.3702192185894034,False,0.19259190006956098,False
87f410,1,1,39.5,1774519.0,1775341.0,0.2355021276188082,0.2351176478208975,0.1800408755058228,0.1798373395040659,binary,-0.00038447979791070286,-0.001632595857193422,0.0004502847139244801,-0.8538593403039857,0.3931829305444401,-0.0012670216199916053,0.0004980620241701995,0.6778402558254827,False,0.8941047724083564,False
87f410,1,2,39.5,1774519.0,1775341.0,0.3798855572532162,0.3800142185007256,0.8198453052641981,0.8306177155865192,continuous,0.00012866124750937624,0.00033868423016570725,0.000964299557822468,0.13342456342084455,0.8938576202779742,-0.0017613311561305604,0.002018653651149313,0.9761692690587985,False,0.900892279908357,False
87f410,1,3,39.5,1774519.0,1775341.0,1.289024087829841,1.2895156965425243,13.78189829796362,13.877520026248028,continuous,0.000491608712683389,0.0003813805477530257,0.003947578220077134,0.12453425499793724,0.900892279908357,-0.007245502424822524,0.008228719850189303,0.9761692690587985,False,0.900892279908357,False
87f410,1,4,39.5,1774519.0,1775341.0,28.73838663336257,28.81016637843131,7892.639062863678,7926.086551131726,continuous,0.07177974506873852,0.002497695712166701,0.09440500875508251,0.760338312715575,0.4470523862041782,-0.11325067205141168,0.25681016218888875,0.729417137278336,False,0.8941047724083564,False
8b436e,1,1,45.50000000000001,33408671.0,33395201.0,0.0468461017201193,0.0469223407279387,0.0446515444737475,0.0447206346685499,binary,7.623900781940363e-05,0.0016274354753121488,5.1726774310408976e-05,1.4738792333383595,0.1405141100162146,-2.5143606865429653e-05,0.0001776216225042369,0.36916703903949194,False,0.31524476892573244,False
8b436e,1,2,45.50000000000001,33408671.0,33395201.0,0.0580669913156389,0.0580693011961481,0.089498640482266,0.0892143512343192,continuous,2.3098805091992247e-06,3.977957970378113e-05,7.314626953180523e-05,0.03157892431130544,0.9748078509694862,-0.00014105417337659853,0.00014567393439499698,0.9845626096802119,False,0.9748078509694862,False
8b436e,1,3,45.50000000000001,33408671.0,33395201.0,0.1743775924759841,0.1747448552540169,1.3493238667398484,1.3609432560641908,continuous,0.0003672627780327842,0.0021061351565761803,0.0002848527556767372,1.2893074429287574,0.1972912244526004,-0.0001910383639906082,0.0009255639200561766,0.4528190151592816,False,0.31524476892573244,False
8b436e,1,4,45.50000000000001,33408671.0,33395201.0,4.467150273237678,4.476114970288025,954.9693490905432,960.0679464172956,continuous,0.00896469705034697,0.002006804450715195,0.007571866072597203,1.1839481792725393,0.23643357669429932,-0.005875887747704292,0.02380528184839823,0.49495160835454965,False,0.31524476892573244,False
8e0f8a,1,1,49.5,5155429.0,5151849.0,0.2482850602733545,0.2481637175313173,0.1866395891184112,0.1865784868323539,binary,-0.00012134274203720596,-0.0004887234934861212,0.0002691066015104706,-0.4509095401575133,0.6520547473603024,-0.0006487819889997004,0.0004060965049252884,0.8478937158507687,False,0.8451845048805018,False
8e0f8a,1,2,49.5,5155429.0,5151849.0,0.5455856475226197,0.545119345692323,2.0673411902231806,2.0692576773908318,continuous,-0.00046630183029672256,-0.0008546812629952658,0.0008959107929067523,-0.5204779694458441,0.6027304789564643,-0.0022222547177546802,0.001289651057161235,0.8378208189632453,False,0.8451845048805018,False
8e0f8a,1,3,49.5,5155429.0,5151849.0,1.736238809745696,1.734203434163076,26.15029426362561,26.112768538361703,continuous,-0.0020353755826199027,-0.0011722901084776586,0.003184493770929206,-0.6391520062625209,0.5227240504752366,-0.008276868682633292,0.004206117517393486,0.7779604032463483,False,0.8451845048805018,False
8e0f8a,1,4,49.5,5155429.0,5151849.0,38.9760085773965,38.96132459092359,14564.192759576332,14579.687360721598,continuous,-0.014683986472910249,-0.0003767442334109601,0.07519981206094671,-0.195266265572704,0.8451845048805018,-0.1620729097565466,0.1327049368107261,0.9645509224857879,False,0.8451845048805018,False
8e2cb6,1,1,18.5,2652630.0,2651027.0,0.1148037984943245,0.1150614459980981,0.101623886345599,0.1018223096429248,binary,0.0002576475037736059,0.002244241977641037,0.0002769823871592257,0.9301947367451306,0.3522702665106614,-0.000285227999410406,0.0008005230069576178,0.6391189120979143,False,0.36009243278586944,False
8e2cb6,1,2,18.5,2652630.0,2651027.0,0.1398764942897743,0.1402427982918106,0.1928408589007617,0.1934105438234932,continuous,0.00036630400203629954,0.0026187673911632933,0.0003816475111584079,0.9597966482853865,0.3371575695398279,-0.00038171137462352834,0.0011143193786961273,0.629691343111149,False,0.36009243278586944,False
8e2cb6,1,3,18.5,2652630.0,2651027.0,0.3895097394212335,0.3907516614052984,2.444036685383172,2.4392542064729508,continuous,0.0012419219840648643,0.003188423442017694,0.0013570115259004965,0.915188972503929,0.36009243278586944,-0.0014177717333058518,0.0039016157014355804,0.6441089994902172,False,0.36009243278586944,False
8e2cb6,1,4,18.5,2652630.0,2651027.0,10.123948535006102,10.168925595204422,1867.904097160212,1889.448310474243,continuous,0.04497706019832037,0.004442640146065624,0.037641649314438946,1.1948748531873612,0.2321359291905165,-0.028799216776666775,0.11875333717330752,0.49177490013804404,False,0.36009243278586944,False
8ed19a,1,1,44.50000000000001,27151456.0,27130684.0,0.0321933748230665,0.0322125678807065,0.0311569614405681,0.0311749183512374,binary,1.9193057639997624e-05,0.0005961803552899284,4.792274489493456e-05,0.4005000082858206,0.6887882773773302,-7.473379639437485e-05,0.0001131199116743701,0.8556524112243568,False,0.6887882773773302,False
8ed19a,1,2,44.50000000000001,27151456.0,27130684.0,0.0384408321341438,0.0384818481726527,0.0555871747440133,0.0557595600110897,continuous,4.101603850889535e-05,0.0010669914315529138,6.405092717703519e-05,0.6403660386605805,0.5219346565514322,-8.452147193449138e-05,0.00016655354895228207,0.7779604032463483,False,0.6887882773773302,False
8ed19a,1,3,44.50000000000001,27151456.0,27130684.0,0.0978648294395884,0.0973146926881645,0.5930919989013377,0.5880025012192092,continuous,-0.0005501367514238881,-0.005621393861044693,0.00020860682576617637,-2.637194393823558,0.008359491130023544,-0.0009589986168548159,-0.0001412748859929602,0.048102350887800786,True,0.03343796452009418,True
8ed19a,1,4,44.50000000000001,27151456.0,27130684.0,2.66004970694418,2.6477914045705866,457.2153997478811,454.4722616374172,continuous,-0.012258302373593377,-0.004608298236530139,0.005795745915182851,-2.1150517212082853,0.03442553936647741,-0.0236177556308969,-0.0008988491162898547,0.13662635936070722,False,0.06885107873295482,False
9b959e,1,1,15.5,14123088.0,14112805.0,0.0459606992465103,0.0451743646992925,0.0438483133712822,0.0431336414733079,binary,-0.0007863345472177985,-0.01710884647338135,7.849250603641429e-05,-10.01790918143251,0.0,-0.0009401770321054633,-0.0006324920623301337,0.0,True,0.0,True
9b959e,1,2,15.5,14123088.0,14112805.0,0.0527362959311129,0.051834207183762,0.0678791371459065,0.0668126036066478,continuous,-0.0009020887473508987,-0.017105652405494266,9.767515736446754e-05,-9.235600655188321,0.0,-0.0010935285379695373,-0.0007106489567322602,0.0,True,0.0,True
9b959e,1,3,15.5,14123088.0,14112805.0,0.1487862592317051,0.1455620458108657,0.9240011931528312,0.8982263389230551,continuous,-0.0032242134208393947,-0.0216701020476516,0.00035926461663072145,-8.974480846672073,0.0,-0.003928359130355198,-0.002520067711323591,0.0,True,0.0,True
9b959e,1,4,15.5,14123088.0,14112805.0,3.8948716372510326,3.8238544481518137,692.8495723865756,678.7728414091306,continuous,-0.07101718909921884,-0.01823351209318471,0.009856681831255048,-7.2049793546167695,5.804245972740318e-13,-0.09033593049554904,-0.05169844770288863,7.62557832970366e-12,True,5.804245972740318e-13,True
9ed9d5,1,1,30.5,4300243.0,4296991.0,0.1917073058429488,0.1923559998147541,0.1549556147293869,0.1553551691500204,binary,0.0006486939718053086,0.0033837728246868914,0.0002686792919190071,2.414380591810997,0.01576198843767096,0.00012209223625233114,0.0011752957073582861,0.07326510350602534,False,0.03152397687534192,True
9ed9d5,1,2,30.5,4300243.0,4296991.0,0.3183940811704071,0.320304986756909,0.7517207478640726,0.7624892158029332,continuous,0.0019109055865019209,0.006001699464630402,0.0005935117059375933,3.219659473241879,0.0012834295287398323,0.0007476440184613106,0.003074167154542531,0.008890666371815929,True,0.005133718114959329,True
9ed9d5,1,3,30.5,4300243.0,4296991.0,1.0757900822752118,1.0797626002257623,12.146008394049865,12.10926002190415,continuous,0.003972517950550536,0.003692651583242868,0.0023754099603916635,1.67235046446279,0.09445523394118482,-0.0006832000203348407,0.008628235921435912,0.28115190727805794,False,0.12594031192157976,False
9ed9d5,1,4,30.5,4300243.0,4296991.0,23.18194613818531,23.26216887429542,6302.349520089774,6327.20502034947,continuous,0.08022273611010888,0.003460569515255924,0.054203812354220456,1.4800201798695534,0.13886786133302875,-0.026014783928930446,0.1864602561491482,0.36742121644363857,False,0.13886786133302875,False
a1e2bf,1,1,2.5,2881102.0,2878781.0,0.0347787062033902,0.0348185568822359,0.0335691477982084,0.0336062249788744,binary,3.985067884570287e-05,0.0011458355757299062,0.00015272611100861558,0.26092910511678946,0.7941471794723796,-0.0002594869982300499,0.00033918835592145564,0.9303446193268959,False,0.9366468786149955,False
a1e2bf,1,2,2.5,2881102.0,2878781.0,0.0375664233515831,0.0375800962475142,0.0426229306836042,0.042595697212389,continuous,1.3672895931099438e-05,0.000363965869285324,0.0001720186135338794,0.07948497927177244,0.9366468786149955,-0.0003234773912658185,0.00035082318312801736,0.9761692690587985,False,0.9366468786149955,False
a1e2bf,1,3,2.5,2881102.0,2878781.0,0.1155116760280156,0.1150966043019008,0.7236072732835103,0.7120685050973743,continuous,-0.00041507172611479626,-0.003593331344392639,0.0007060503711251202,-0.5878783484716005,0.5566139502733987,-0.0017989050247911708,0.0009687615725615783,0.8014288334304082,False,0.9366468786149955,False
a1e2bf,1,4,2.5,2881102.0,2878781.0,2.824154541311139,2.838022270603854,491.039513306274,498.8284619948796,continuous,0.013867729292714959,0.004910400294977038,0.01853947910160089,0.7480107297900013,0.4544536855979917,-0.022468982038555782,0.0502044406239857,0.729417137278336,False,0.9366468786149955,False
a4386f,1,1,89.00000000000001,4982696.0,4983112.0,0.2868451135690397,0.2878275663882328,0.2045649943906044,0.2049828584152603,binary,0.0009824528191931248,0.00342502895367141,0.00028668901843622067,3.4268916328001877,0.000610532665843877,0.00042055266829499273,0.0015443529700912568,0.0046522589137303425,True,0.0008140435544585026,True
a4386f,1,2,89.00000000000001,4982696.0,4983112.0,0.8027324513522459,0.8077596420022394,4.624080228441671,4.663454868423986,continuous,0.005027190649993463,0.0062625980070008256,0.0013652397852614614,3.682276699129955,0.0002311603177997945,0.002351369840619801,0.007703011459367124,0.0019571573573715934,True,0.0006166170841845897,True
a4386f,1,3,89.00000000000001,4982696.0,4983112.0,2.617152586638952,2.634648688929309,58.373957121156565,58.78618733703294,continuous,0.01749610229035703,0.006685167070379415,0.004848960626208222,3.6082170260967015,0.00030830854209229486,0.007992314100536127,0.02699989048017793,0.0025535990116774855,True,0.0006166170841845897,True
a4386f,1,4,89.00000000000001,4982696.0,4983112.0,56.521558535918665,56.81969547346486,31118.716927503418,31052.868179153287,continuous,0.29813693754619663,0.005274747287032695,0.11170039784585216,2.669076774083017,0.007606006229487594,0.07920818070953098,0.5170656943828623,0.045279505834918334,True,0.007606006229487594,True
a68bf4,1,1,30.5,31514811.0,31432671.0,0.0391571442392594,0.0391501568543125,0.0376238622942852,0.0376174220725952,binary,-6.98738494690071e-06,-0.00017844470230530952,4.889385298428025e-05,-0.14290925625314785,0.8863618481793543,-0.00010281757586148624,8.884280596768482e-05,0.9761692690587985,False,0.8969822382451822,False
a68bf4,1,2,30.5,31514811.0,31432671.0,0.0471727221788222,0.0471812612672233,0.0684506445654926,0.0684490510157359,continuous,8.539088401100792e-06,0.00018101750347861723,6.595191711945073e-05,0.12947445311763983,0.8969822382451822,-0.00012072429386439327,0.00013780247066659486,0.9761692690587985,False,0.8969822382451822,False
a68bf4,1,3,30.5,31514811.0,31432671.0,0.1307701173762198,0.1305972848956867,0.9084448698451094,0.905991393023894,continuous,-0.0001728324805330972,-0.001321651184542917,0.00024010248878838416,-0.719827942664202,0.4716309382553998,-0.0006434247111567622,0.00029775975009056787,0.7364401126037186,False,0.8969822382451822,False
a68bf4,1,4,30.5,31514811.0,31432671.0,3.179854554705899,3.171016838531706,588.3574087115963,581.5951451920503,continuous,-0.008837716174193044,-0.002779283147121939,0.006096894407769005,-1.44954391254202,0.14718574634483383,-0.020787409630963954,0.0031119772825778675,0.37143447218605197,False,0.5887429853793353,False
adea31,1,1,84.5,49736188.0,49732341.0,0.0383715374407061,0.0383047321259218,0.0368991625551426,0.0368374796226832,binary,-6.680531478429896e-05,-0.0017410121991470987,3.850470689774916e-05,-1.7349907841001415,0.08274243758263222,-0.00014227315353915833,8.662523970560387e-06,0.25840056327035144,False,0.13238790013221155,False
adea31,1,2,84.5,49736188.0,49732341.0,0.0502679344241066,0.0501544334522854,0.0904097399006788,0.0901673298034642,continuous,-0.00011350097182119545,-0.002257919946811355,6.025643586656737e-05,-1.8836323487923095,0.059614723041064854,-0.00023160141595641504,4.599472314024156e-06,0.20932482948417194,False,0.11922944608212971,False
adea31,1,3,84.5,49736188.0,49732341.0,0.1537544493070113,0.152697902673937,1.372554987371431,1.3508463778821953,continuous,-0.001056546633074279,-0.00687164916421121,0.00023400649351438537,-4.515031259204474,6.330742700288994e-06,-0.0015151909325109801,-0.0005979023336375778,6.0300324220252664e-05,True,1.6881980534103985e-05,True
adea31,1,4,84.5,49736188.0,49732341.0,3.835536330919171,3.798104789452791,931.2053625894793,903.1006105620696,continuous,-0.03743154146637995,-0.009759141417755683,0.0060730647556882554,-6.163534059359435,7.113907241063089e-10,-0.04933452966330847,-0.025528553269451422,7.971760761308931e-09,True,2.8455628964252355e-09,True
adea31,2,1,84.5,49736188.0,49728942.0,0.0383715374407061,0.0383338740647247,0.0368991625551426,0.0368643881639145,binary,-3.766337598139907e-05,-0.0009815446159695499,3.851239002935172e-05,-0.9779547433469192,0.3280967079061474,-0.00011314627339748791,3.781952143468976e-05,0.6250242285612109,False,0.3280967079061474,False
adea31,2,2,84.5,49736188.0,49728942.0,0.0502679344241066,0.050205424844062,0.0904097399006788,0.0902466751630022,continuous,-6.250958004459795e-05,-0.0012435279221383864,6.0270702197642695e-05,-1.0371470343851878,0.2996673379317023,-0.00018063798567491673,5.561882558572082e-05,0.5795596738679115,False,0.3280967079061474,False
adea31,2,3,84.5,49736188.0,49728942.0,0.1537544493070113,0.1534300211129242,1.372554987371431,1.3701815765474987,continuous,-0.0003244281940870952,-0.0021100410137679256,0.00023483974823518,-1.3814875740805044,0.16712909583753133,-0.0007847056427665018,0.00013584925459231132,0.41306023122636804,False,0.22283879445004176,False
adea31,2,4,84.5,49736188.0,49728942.0,3.835536330919171,3.7952018508605354,931.2053625894793,892.4055442717661,continuous,-0.0403344800586356,-0.010515994786306614,0.006055434706085165,-6.660872755857327,2.7220670162364513e-11,-0.052202913993296414,-0.02846604612397479,3.240961041206525e-10,True,2.177653612989161e-10,True
b2da2e,1,1,3.0000000000000004,340417.0,340608.0,0.076473854125969,0.0767568583239383,0.070625603761089,0.0708652430241772,binary,0.0002830041979692971,0.003700666079979804,0.0006446107698018222,0.4390308644370898,0.6606391724740828,-0.000980409694888914,0.0015464180908275082,0.8532322871614425,False,0.8627425482543172,False
b2da2e,1,2,3.0000000000000004,340417.0,340608.0,0.083372995587207,0.0840201660143346,0.0928511989236109,0.0945079541168968,continuous,0.0006471704271275996,0.007762350657661909,0.0007417719494402852,0.8724654897181425,0.3829544868982091,-0.0008066758785174252,0.0021010167327726245,0.6723582623278894,False,0.8627425482543172,False
b2da2e,1,3,3.0000000000000004,340417.0,340608.0,0.2671330068364568,0.2680696005543614,1.6765949735218917,1.6594397340883065,continuous,0.0009365937179046102,0.0035060950685064846,0.0031300341853240238,0.299227951661382,0.7647661234262884,-0.005198160555709645,0.007071347991518866,0.9134040533712096,False,0.874018426772901,False
b2da2e,1,4,3.0000000000000004,340417.0,340608.0,6.45782312225676,6.499686820995268,1097.9687545459324,1070.9779835681727,continuous,0.04186369873850815,0.006482633225773208,0.07981025327243367,0.5245403569339104,0.5999027579570064,-0.11456152327248184,0.19828892074949814,0.8378208189632453,False,0.8627425482543172,False
b2da2e,2,1,3.0000000000000004,340417.0,341223.0,0.076473854125969,0.0761554760376645,0.070625603761089,0.0703558195071412,binary,-0.00031837808830451064,-0.004163227967823787,0.0006431602631389184,-0.4950224224524256,0.62058429293836,-0.0015789490403440947,0.0009421928637350734,0.8414327957633992,False,0.8627425482543172,False
b2da2e,2,2,3.0000000000000004,340417.0,341223.0,0.083372995587207,0.083089575773918,0.0928511989236109,0.0928103334448618,continuous,-0.0002834198132889987,-0.003399419815646968,0.000738072100986977,-0.38400017140601755,0.7009783204566327,-0.0017300145492172834,0.001163174922639286,0.8556524112243568,False,0.8627425482543172,False
b2da2e,2,3,3.0000000000000004,340417.0,341223.0,0.2671330068364568,0.2644164964286656,1.6765949735218917,1.6168429175650705,continuous,-0.002716510407791195,-0.010169130501549316,0.0031086166213749587,-0.8738647246213549,0.38219192716480954,-0.0088092870274287,0.0033762662118463098,0.6723582623278894,False,0.8627425482543172,False
b2da2e,2,4,3.0000000000000004,340417.0,341223.0,6.45782312225676,6.372869063390268,1097.9687545459324,1058.5405525321976,continuous,-0.08495405886649188,-0.013155216124408764,0.0795459605367468,-1.0679870893915069,0.28552633559538076,-0.24086127663416004,0.07095315890117629,0.5653874709193294,False,0.8627425482543172,False
b2da2e,3,1,3.0000000000000004,340417.0,340710.0,0.076473854125969,0.0774529658653987,0.070625603761089,0.0714540039440521,binary,0.0009791117394296889,0.012803222102770965,0.0006459015399276072,1.5158775317781696,0.12955032259417143,-0.0002868320163873809,0.0022450554952467587,0.34759628808717824,False,0.699205873650321,False
b2da2e,3,2,3.0000000000000004,340417.0,340710.0,0.083372995587207,0.084377100621417,0.0928511989236109,0.0936313528632742,continuous,0.001004105034210001,0.012043528328782683,0.0007399795211295886,1.3569362469345387,0.17480146841258026,-0.00044622817650118857,0.0024544382449211907,0.4215149333240068,False,0.699205873650321,False
b2da2e,3,3,3.0000000000000004,340417.0,340710.0,0.2671330068364568,0.2723798341527849,1.6765949735218917,1.6736647294758655,continuous,0.005246827316328084,0.019641254289254784,0.003136464009834863,1.6728479267977743,0.09435723717535027,-0.0009005291817543283,0.011394183814410496,0.28115190727805794,False,0.699205873650321,False
b2da2e,3,4,3.0000000000000004,340417.0,340710.0,6.45782312225676,6.575338738273316,1097.9687545459324,1077.4502158033597,continuous,0.11751561601655602,0.01819740395359247,0.07992328514133101,1.470355176326264,0.14146558451382107,-0.039131144386578,0.27416237641969005,0.36916703903949194,False,0.699205873650321,False
b2da2e,4,1,3.0000000000000004,340417.0,340036.0,0.076473854125969,0.0765242503734898,0.070625603761089,0.0706682894782653,binary,5.039624752078975e-05,0.0006589997077664768,0.0006444329413112472,0.0782024825059037,0.9376669873133348,-0.0012126691079004691,0.0013134616029420486,0.9761692690587985,False,0.9395685771925164,False
b2da2e,4,2,3.0000000000000004,340417.0,340036.0,0.083372995587207,0.0837740222001305,0.0928511989236109,0.0940739610222256,continuous,0.0004010266129235024,0.004810030035493137,0.0007412260520126472,0.5410314597478015,0.5884858988448223,-0.001051749753424099,0.0018538029792711038,0.8304189905921382,False,0.8627425482543172,False
b2da2e,4,3,3.0000000000000004,340417.0,340036.0,0.2671330068364568,0.2673719566355492,1.6765949735218917,1.703292100723622,continuous,0.00023894979909239167,0.0008944974712117123,0.003151868245807334,0.07581211537323825,0.9395685771925164,-0.005938598446705422,0.006416498044890205,0.9761692690587985,False,0.9395685771925164,False
b2da2e,4,4,3.0000000000000004,340417.0,340036.0,6.45782312225676,6.513774577133593,1097.9687545459324,1128.528814921349,continuous,0.055951454876833395,0.00866413554809171,0.08089632279183613,0.6916439826419389,0.4891609335871929,-0.10260242427689215,0.21450533403055894,0.7545356910798401,False,0.8627425482543172,False
b3280a,1,1,34.5,3078078.0,3074761.0,0.2001229338567768,0.2049486122661241,0.1600737452013329,0.162944678596314,binary,0.004825678409347306,0.02411357017582467,0.0003240350376199666,14.892261635168321,0.0,0.00419058140588309,0.005460775412811522,0.0,True,0.0,True
b3280a,1,2,34.5,3078078.0,3074761.0,0.3306631073762244,0.3408787229834869,0.7617755323084301,0.7923657267080528,continuous,0.01021561560726253,0.030894331358349354,0.0007107630373820273,14.37274459978952,0.0,0.00882254565245146,0.011608685562073598,0.0,True,0.0,True
b3280a,1,3,34.5,3078078.0,3074761.0,1.055939618521882,1.089944962853748,11.284625439708416,11.779723272314811,continuous,0.034005344331866194,0.03220387201634438,0.0027381068770638167,12.419290355945312,0.0,0.02863875346699967,0.03937193519673272,0.0,True,0.0,True
b3280a,1,4,34.5,3078078.0,3074761.0,24.19583437358861,24.90091549527113,6749.207275328714,7000.356714922209,continuous,0.7050811216825181,0.02914059960883853,0.06685345966824434,10.54666617376923,0.0,0.5740507484908581,0.8361114948741781,0.0,True,0.0,True
b382c6,1,1,60.5,306762.0,307947.0,0.2459431089900313,0.2455032846561259,0.1854550961303489,0.1852314218791791,binary,-0.00043982433390540865,-0.0017883173702713331,0.0010982081616510613,-0.40049309729320326,0.6887933665902188,-0.0025922727782694303,0.001712624110458613,0.8556524112243568,False,0.78719241896025,False
b382c6,1,2,60.5,306762.0,307947.0,0.4586278396494614,0.4583599912962428,1.3506831393556846,1.354479080478855,continuous,-0.000267848353218636,-0.0005840211388461675,0.002966723612846618,-0.09028422872248328,0.9280613526206847,-0.0060825197864825585,0.005546823080045287,0.9761692690587985,False,0.9280613526206847,False
b382c6,1,3,60.5,306762.0,307947.0,1.639949271180749,1.6228114901839794,23.486648488597886,23.15074524735136,continuous,-0.017137780996769658,-0.010450189708874718,0.012318311159690102,-1.391244365773985,0.16415133795294157,-0.04128122722012008,0.007005665226580766,0.408769018039678,False,0.3720542171110964,False
b382c6,1,4,60.5,306762.0,307947.0,32.35546327388912,32.038270957014255,10102.520214408883,10046.951140244084,continuous,-0.31719231687486626,-0.009803361929632473,0.2560436452696505,-1.2388212819764282,0.21541169063083898,-0.8190286400737307,0.18464400632399813,0.4716773225882164,False,0.3720542171110964,False
b382c6,2,1,60.5,306762.0,306815.0,0.2459431089900313,0.2449977999771849,0.1854550961303489,0.1849738779835242,binary,-0.0009453090128463959,-0.003843608453712406,0.0010988362102710254,-0.8602815778910784,0.38963384528791867,-0.0030989884098860873,0.0012083703841932955,0.67477497752135,False,0.5195117937172249,False
b382c6,2,2,60.5,306762.0,306815.0,0.4586278396494614,0.455086853488319,1.3506831393556846,1.3481922361652945,continuous,-0.003540986161142401,-0.007720826899319607,0.0029660051197658217,-1.1938570630053318,0.23253388569443523,-0.009354249373844822,0.002272277051560019,0.49177490013804404,False,0.3720542171110964,False
b382c6,2,3,60.5,306762.0,306815.0,1.639949271180749,1.6102078335245644,23.486648488597886,22.27959135007004,continuous,-0.029741437656184644,-0.018135583934721998,0.012213877908393457,-2.4350528046253133,0.014889616653499527,-0.05368019846820522,-0.005802676844164061,0.0709117993122915,False,0.05955846661399811,False
b382c6,2,4,60.5,306762.0,306815.0,32.35546327388912,31.608954410921065,10102.520214408883,9346.438996867844,continuous,-0.7465088629680565,-0.023072111706417434,0.2517847228436764,-2.9648695700713166,0.0030281128404388014,-1.2399978515990617,-0.2530198743370513,0.01860824180979328,True,0.02422490272351041,True
b8a409,1,1,64.5,1626478.0,1625384.0,0.2448732783351511,0.2458385218508365,0.1849103558925467,0.1854019430250322,binary,0.0009652435156853878,0.0039418082783385065,0.00047723593075915,2.022570551415898,0.043117442905729275,2.987827926900289e-05,0.0019006087521017726,0.15795909372195052,False,0.1724697716229171,False
b8a409,1,2,64.5,1626478.0,1625384.0,0.5255689574176601,0.5256039812554146,2.1170367993519683,2.085801919827224,continuous,3.502383775455531e-05,6.663985241183586e-05,0.0016077547015239666,0.02178431679991776,0.9826200046000888,-0.0031161174732073638,0.0031861651487164744,0.9852058467174574,False,0.9826200046000888,False
b8a409,1,3,64.5,1626478.0,1625384.0,1.7171709470082903,1.7173223908551796,28.08506968914504,27.815331825559365,continuous,0.00015144384688925427,8.819380921457153e-05,0.005863488531172114,0.02582828397874952,0.9793943020178486,-0.011340782497971751,0.01164367019175026,0.9845626096802119,False,0.9826200046000888,False
b8a409,1,4,64.5,1626478.0,1625384.0,38.1470262280063,38.10363543845208,15726.154261950074,15633.45110243122,continuous,-0.04339078955421627,-0.0011374619162937574,0.13887818987667686,-0.31243775277275054,0.7547078627732631,-0.31558703995061804,0.2288054608421855,0.9042254582283435,False,0.9826200046000888,False
bac0d3,1,1,35.0,2747457.0,2747718.0,0.2765662938491849,0.2763478639365466,0.2000773789557112,0.1999797220342545,binary,-0.00021842991263831824,-0.0007897922396770115,0.00038157967064057107,-0.5724359169647293,0.5670266888464564,-0.0009663123243264934,0.0005294524990498569,0.8121698062048867,False,0.8867818216510037,False
bac0d3,1,2,35.0,2747457.0,2747718.0,0.5150102451370635,0.5157736887410349,1.4343496674512306,1.446576415024306,continuous,0.0007634436039714032,0.0014823852752059764,0.0010239771099637227,0.7455670605746747,0.4559289871292309,-0.0012435146525509038,0.00277040186049371,0.729417137278336,False,0.8867818216510037,False
bac0d3,1,3,35.0,2747457.0,2747718.0,1.71883186777466,1.7182728516197976,21.202328180295726,21.153912319524395,continuous,-0.0005590161548623129,-0.00032523027140872186,0.00392629520021862,-0.14237751527984607,0.8867818216510037,-0.008254413339963289,0.007136381030238663,0.9761692690587985,False,0.8867818216510037,False
bac0d3,1,4,35.0,2747457.0,2747718.0,36.30747319153169,36.33025966259611,11116.219750589742,11129.44160859272,continuous,0.02278647106442122,0.0006275972702428631,0.08998018656316448,0.2532387621626626,0.8000837146008115,-0.15357145392157606,0.1991443960504185,0.9303446193268959,False,0.8867818216510037,False
c3d89d,1,1,39.0,5791379.0,5791728.0,0.0492911964490667,0.048896115287182,0.0468615744016863,0.0465052851970046,binary,-0.00039508116188470555,-0.008015247962036154,0.00012696934075230032,-3.1116255298057167,0.0018606035044939073,-0.0006439364969000079,-0.00014622582686940318,0.012222240262278944,True,0.007442414017975629,True
c3d89d,1,2,39.0,5791379.0,5791728.0,0.0576762210011155,0.0571632680936948,0.0768732340207838,0.0761912385327632,continuous,-0.0005129529074207051,-0.00889366360203773,0.00016256973310042292,-3.155279261631332,0.0016034454789832786,-0.0008315837292738231,-0.00019432208556758706,0.010909155848082663,True,0.007442414017975629,True
c3d89d,1,3,39.0,5791379.0,5791728.0,0.1440347737610828,0.1437870801326294,0.8164342189571799,0.827864246763459,continuous,-0.00024769362845342147,-0.0017196793662083464,0.0005328349998759259,-0.4648599069338511,0.6420317836769833,-0.0012920310379126404,0.0007966437810057975,0.8447892273178306,False,0.6420317836769833,False
c3d89d,1,4,39.0,5791379.0,5791728.0,3.9622095464364246,3.954418534295416,660.5897311107234,667.6221288103238,continuous,-0.007791012141008746,-0.0019663301624256377,0.015143843267436776,-0.5144672989162177,0.606925317674162,-0.037472399532704204,0.02189037525068671,0.8378208189632453,False,0.6420317836769833,False
c3d89d,2,1,39.0,5791379.0,4965423.0,0.0492911964490667,0.0490423474495526,0.0468615744016863,0.04663719560619,binary,-0.00024884899951410633,-0.0050485485733998275,0.00013222707838174907,-1.8816350701983784,0.059885581138516386,-0.0005080093109232893,1.0311311895076596e-05,0.20932482948417194,False,0.11500140222562508,False
c3d89d,2,2,39.0,5791379.0,4965423.0,0.0576762210011155,0.057362279771707,0.0768732340207838,0.0765591587278353,continuous,-0.0003139412294085042,-0.0054431657268674445,0.00016938769793479414,-1.853388606351779,0.06382667921324092,-0.0006459350167848505,1.805255796784197e-05,0.21712468553789993,False,0.11500140222562508,False
c3d89d,2,3,39.0,5791379.0,4965423.0,0.1440347737610828,0.1430415797233389,0.8164342189571799,0.8119144140108399,continuous,-0.000993194037743922,-0.00689551565784648,0.000551804047195482,-1.7999035034117339,0.07187587639101567,-0.002074710096770507,8.832202128266319e-05,0.23797711556839518,False,0.11500140222562508,False
c3d89d,2,4,39.0,5791379.0,4965423.0,3.9622095464364246,3.951783480337337,660.5897311107234,665.6000346734435,continuous,-0.010426066099087805,-0.002631376755039348,0.015751549752481622,-0.6619073210523428,0.508030619578081,-0.04129853631464259,0.020446404116466976,0.7655146766009424,False,0.6420317836769833,False
c4df76,1,1,31.5,22503691.0,22485583.0,0.0490946574053118,0.0490520525974354,0.0466843720195669,0.0466459487334138,binary,-4.2604807876399364e-05,-0.0008678094547980232,6.441275633205973e-05,-0.6614342101713403,0.5083338928609933,-0.00016885149043219076,8.364187467939203e-05,0.7655146766009424,False,0.7264730373602738,False
c4df76,1,2,31.5,22503691.0,22485583.0,0.0597559606542642,0.0597316445823013,0.0874131986584639,0.0875001404477224,continuous,-2.4316071962904307e-05,-0.00040692295290158814,8.81803969037706e-05,-0.27575371416665223,0.7827372364845078,-0.00019714647403674197,0.00014851433011093336,0.9252435861406174,False,0.7827372364845078,False
c4df76,1,3,31.5,22503691.0,22485583.0,0.183473274704525,0.1836859111924549,1.3862528374213945,1.3879823260731758,continuous,0.00021263648792987921,0.0011589507424027842,0.0003511819864609137,0.6054880265151228,0.5448547780202053,-0.00047566755755274457,0.000900940533412503,0.8014288334304082,False,0.7264730373602738,False
c4df76,1,4,31.5,22503691.0,22485583.0,4.605192377217292,4.615520892112472,962.0915724738478,969.682336451928,continuous,0.010328514895180163,0.002242797705102868,0.009266997204546552,1.1145481828906576,0.26504408587831696,-0.007834465870564439,0.028491495660924765,0.5429128855894557,False,0.7264730373602738,False
c56288,1,1,35.5,3756266.0,3757794.0,0.24365659939951,0.2443154148417928,0.1842880609685767,0.1846253929124755,binary,0.0006588154422828008,0.0027038686573909627,0.0003133573487073879,2.102440324820618,0.03551472193149241,4.464632452536163e-05,0.0012729845600402399,0.13756669447960632,False,0.04735296257532321,True
c56288,1,2,35.5,3756266.0,3757794.0,0.4720238581779251,0.4737232072258419,1.4274343747866312,1.4386931120378994,continuous,0.0016993490479167983,0.003600133803567709,0.0008734242711010621,1.945616928843245,0.051700771948900215,-1.2531066664431658e-05,0.003411229162498028,0.1858301331370847,False,0.051700771948900215,False
c56288,1,3,35.5,3756266.0,3757794.0,1.535502960155319,1.5439928078328191,20.10284049257606,20.31107655275739,continuous,0.008489847677500162,0.005529033741909164,0.003279766479010171,2.588552487450993,0.009638025749808321,0.0020616235009384837,0.01491807185406184,0.0524007032829432,False,0.028927984599885104,True
c56288,1,4,35.5,3756266.0,3757794.0,32.24676434315898,32.42765672921627,10224.241330319135,10331.8312435573,continuous,0.18089238605728752,0.005609629050911681,0.07396862020640113,2.4455287330293256,0.014463992299942552,0.03591655446661962,0.3258682176479554,0.06975672235795079,False,0.028927984599885104,True
c74b98,1,1,58.0,1926640.0,1926247.0,0.1846115517169788,0.1847743306024616,0.150530126689628,0.1506327773528739,binary,0.0001627788854828005,0.0008817372692492767,0.00039538720380060153,0.411694880352797,0.6805630779585732,-0.0006121657939143769,0.0009377235648799779,0.8533019025999057,False,0.9074174372780975,False
c74b98,1,2,58.0,1926640.0,1926247.0,0.3317964767190101,0.3313676563585445,0.9793863534097604,0.9737055823214488,continuous,-0.00042882036046559824,-0.0012924198734899624,0.0010068925861620942,-0.42588491201440304,0.6701917096445613,-0.002402293565643696,0.0015446528447124997,0.8533019025999057,False,0.9074174372780975,False
c74b98,1,3,58.0,1926640.0,1926247.0,1.1487250110047091,1.1467304028995935,15.38862249954038,15.358864993637653,continuous,-0.0019946081051156472,-0.0017363669163702664,0.003995090846870312,-0.49926476807860076,0.6175928719075594,-0.009824842279947083,0.005835626069715789,0.8403674435599291,False,0.9074174372780975,False
c74b98,1,4,58.0,1926640.0,1926247.0,23.46881754338428,23.47422497719431,7314.817578348754,7330.3681148785245,continuous,0.005407433810031392,0.00023040929949006808,0.08719053228737625,0.06201858926848528,0.9505480284010872,-0.16548286926610278,0.17629773688616557,0.9761692690587985,False,0.9505480284010872,False
cf1b96,1,1,94.5,2696764.0,2695777.0,0.344429100952104,0.3445448195455336,0.2257976953694293,0.2258336868698693,binary,0.00011571859342962565,0.0003359721728208946,0.0004092704003546901,0.28274361927826824,0.7773733766051125,-0.0006864366512038559,0.0009178738380631072,0.9226768114845728,False,0.7773733766051125,False
d0b910,1,1,32.5,4870724.0,4868903.0,0.2057804958769989,0.2054411435183654,0.1634348833936154,0.1632350800682318,binary,-0.000339352358633499,-0.0016490987505265802,0.0002589991984850749,-1.310244556367491,0.1901131170074004,-0.0008469814596889867,0.00016827674242198866,0.4401192261442759,False,0.25348415600986723,False
d0b910,1,2,32.5,4870724.0,4868903.0,0.3783618909480961,0.3780505740251268,1.071056128247451,1.075214516290348,continuous,-0.0003113169229692625,-0.0008228020062727965,0.0006638747706590008,-0.46893922879495964,0.6391130750541887,-0.0016124875637056923,0.0009898537177671673,0.8447892273178306,False,0.6391130750541887,False
d0b910,1,3,32.5,4870724.0,4868903.0,1.1904119911708844,1.1862902796774897,14.102962842010683,13.979819503843752,continuous,-0.004121711493394686,-0.003462424374052707,0.0024013957181114416,-1.7163816285290012,0.08609221680771229,-0.008828360613521812,0.0005849376267324392,0.2645252790624063,False,0.17218443361542457,False
d0b910,1,4,32.5,4870724.0,4868903.0,27.569269322629868,27.462603976602587,8390.250575143193,8302.4814637694,continuous,-0.10666534602728106,-0.003868994305907347,0.05854736318856476,-1.8218642175863953,0.06847559086246657,-0.22141606926665414,0.008085377212092015,0.22885263261929617,False,0.17218443361542457,False
d4287a,1,1,32.0,5257159.0,5256221.0,0.1971983346898962,0.1970746663810368,0.1583111514854278,0.1582362422518398,binary,-0.00012366830885940372,-0.0006271265376245598,0.0002453935735231826,-0.5039590197048237,0.6142901748789209,-0.0006046308750024235,0.000357294257283616,0.8403674435599291,False,0.6142901748789209,False
d4287a,1,2,32.0,5257159.0,5256221.0,0.3554973856849486,0.3539976471165761,0.975279794146372,0.9628923395868052,continuous,-0.0014997385683724884,-0.004218704915319961,0.000607211331139739,-2.4698790873310466,0.013515872762273728,-0.0026898509084110015,-0.00030962622833397534,0.0660198400311063,False,0.027031745524547457,True
d4287a,1,3,32.0,5257159.0,5256221.0,1.1167151003524665,1.109530432731002,12.849708576841778,12.582181314410912,continuous,-0.007184667621464413,-0.006433751651783639,0.002199545407795116,-3.2664329620121455,0.0010891159141583895,-0.011495697403103307,-0.00287363783982552,0.007829304967817856,True,0.004356463656633558,True
d4287a,1,4,32.0,5257159.0,5256221.0,26.781926545187947,26.72982760848137,8186.439554146682,8103.658377855978,continuous,-0.05209893670657806,-0.0019453020535574188,0.055667993479002253,-0.9358867358175855,0.3493315072205445,-0.16120619901703306,0.05700832560387695,0.6368196375647247,False,0.46577534296072604,False
d53f0e,1,1,46.50000000000001,1739762.0,1741135.0,0.1910997021431667,0.1919018341484147,0.1545806059839596,0.155075520198889,binary,0.0008021320052479797,0.004197452932956662,0.0004218024972378851,1.9016745707923959,0.0572137123082781,-2.4585697927330657e-05,0.00162884970842329,0.20372359242480334,False,0.2288548492331124,False
d53f0e,1,2,46.50000000000001,1739762.0,1741135.0,0.3726798265557356,0.3725853645087211,1.275099726695188,1.2587606907317896,continuous,-9.446204701452077e-05,-0.00025346702526811876,0.0012065944996294833,-0.07828814655091486,0.9375988462051668,-0.0024593438102324355,0.002270419716203394,0.9761692690587985,False,0.9375988462051668,False
d53f0e,1,3,46.50000000000001,1739762.0,1741135.0,1.224627138081784,1.2229244484830593,17.437662768097105,17.257204263669966,continuous,-0.0017026895987246604,-0.0013903738907760103,0.004464805088560355,-0.3813581029745871,0.7029375451790647,-0.010453546770294123,0.007048167572844802,0.8556524112243568,False,0.9372500602387529,False
d53f0e,1,4,46.50000000000001,1739762.0,1741135.0,26.552045541687075,26.511142262894232,9352.777902365626,9158.01398141254,continuous,-0.04090327879284317,-0.0015404944499897177,0.10312948416984713,-0.39662060876284705,0.691647252865301,-0.24303335350993718,0.16122679592425085,0.8556524112243568,False,0.9372500602387529,False
d54896,1,1,38.0,8372331.0,8359110.0,0.0739127490301088,0.0736196796070395,0.0684496545609209,0.0681998223815963,binary,-0.0002930694230693087,-0.0039650726960503814,0.00012780626210029058,-2.2930719419451764,0.021843863440015543,-0.0005435650937845647,-4.2573752354052715e-05,0.09457399966643093,False,0.02912515125335406,True
d54896,1,2,38.0,8372331.0,8359110.0,0.092189596385473,0.0917070285271671,0.1415394632604615,0.1394313783841931,continuous,-0.00048256785830590176,-0.005234515359934297,0.00018326426906826622,-2.6331802743618535,0.008458943594442658,-0.0008417592253327614,-0.00012337649127904215,0.048102350887800786,True,0.016917887188885317,True
d54896,1,3,38.0,8372331.0,8359110.0,0.318676251815372,0.3171884434823172,2.8858543537142505,2.854524382627482,continuous,-0.0014878083330548408,-0.004668714171763311,0.0008283574781885579,-1.796094527097603,0.07247948471402355,-0.0031113591566288377,0.000135742490519156,0.23797711556839518,False,0.07247948471402355,False
d54896,1,4,38.0,8372331.0,8359110.0,7.166356507985684,7.095360947750832,1810.5960073954163,1721.3706211055412,continuous,-0.0709955602348522,-0.009906785987515378,0.020547189263538844,-3.455244380351059,0.0005497942468966066,-0.11126731117491642,-0.030723809294787997,0.004274930776889941,True,0.0021991769875864264,True
d6e1d7,1,1,15.0,3226749.0,3227367.0,0.0792187430754607,0.079237657198577,0.0729431338210049,0.0729590508802578,binary,1.8914123116303694e-05,0.00023875818249586254,0.0002126314553286193,0.08895260994145897,0.9291195725391148,-0.0003978358713081275,0.0004356641175407349,0.9761692690587985,False,0.9291195725391148,False
d6e1d7,1,2,15.0,3226749.0,3227367.0,0.093517879398097,0.0934040155883563,0.1239377382709736,0.1233785572130736,continuous,-0.00011386380974069688,-0.0012175619301202194,0.00027683629595892873,-0.4113037611137148,0.6808498120482187,-0.0006564529794336685,0.0004287253599522747,0.8533019025999057,False,0.907799749397625,False
d6e1d7,1,3,15.0,3226749.0,3227367.0,0.2794933838577473,0.2788620531508751,1.8785404186259087,1.8378963865114692,continuous,-0.0006313307068722129,-0.0022588395408799336,0.0010731494814400294,-0.5882970805008897,0.5563329048712684,-0.0027346650405225058,0.00147200362677808,0.8014288334304082,False,0.907799749397625,False
d6e1d7,1,4,15.0,3226749.0,3227367.0,7.338426330364657,7.30418531317709,1474.6655124272158,1427.7816188194988,continuous,-0.03424101718756667,-0.00466598908895297,0.02999018267878146,-1.1417408674803686,0.2535617481842336,-0.09302069512775529,0.024538660752621948,0.525038185098875,False,0.907799749397625,False
d8f486,1,1,34.0,4146590.0,4146917.0,0.2065350082839152,0.2062679335033713,0.1638782986370782,0.1637214731116201,binary,-0.00026707478054388556,-0.0012931211166716532,0.00028107206846524513,-0.9502003258648908,0.34201047310231836,-0.0008179659117959423,0.00028381635070817116,0.6325533507377831,False,0.7694178540025192,False
d8f486,1,2,34.0,4146590.0,4146917.0,0.3844723979870555,0.3838408783582537,1.0952948153962092,1.0934232044429233,continuous,-0.0006315196288018132,-0.0016425616822122958,0.0007265086750554525,-0.8692527019771802,0.3847089270012596,-0.0020554504663664133,0.0007924112087627868,0.6723582623278894,False,0.7694178540025192,False
d8f486,1,3,34.0,4146590.0,4146917.0,1.1146161922124893,1.1149158063857978,12.163642259567784,12.158042340216264,continuous,0.0002996141733084823,0.0002688047916420042,0.002421824779742949,0.1237142240076853,0.9015415490539462,-0.004447075171854347,0.005046303518471311,0.9761692690587985,False,0.9015415490539462,False
d8f486,1,4,34.0,4146590.0,4146917.0,26.277608235776107,26.25123837967705,7737.979261995749,7683.355013686631,continuous,-0.02636985609905551,-0.0010035105121612175,0.06098273475312331,-0.4324151123397257,0.66543973639943,-0.1458938198939363,0.09315410769582529,0.8533019025999057,False,0.8872529818659066,False
db7752,1,1,42.0,4473808.0,4468101.0,0.2152872899328715,0.2152885532354796,0.1689386727262312,0.1689393920812537,binary,1.2633026081065868e-06,5.867985093316451e-06,0.00027490330599737653,0.004595443496899043,0.9963333794891305,-0.0005375372763777453,0.0005400638815939584,0.9963333794891305,False,0.9963333794891305,False
db7752,1,2,42.0,4473808.0,4468101.0,0.417915689400639,0.4179822909175313,1.2971534426645208,1.2932681136442858,continuous,6.66015168923062e-05,0.00015936591657476155,0.0007611758102863685,0.08749820474096447,0.9302755123691882,-0.0014252756571720689,0.0015584786909566813,0.9761692690587985,False,0.9963333794891305,False
db7752,1,3,42.0,4473808.0,4468101.0,1.3399993070093763,1.339700201000076,17.927753724936732,17.84186928645388,continuous,-0.0002991060093002762,-0.0002232135552128187,0.002828504096781204,-0.1057470659634732,0.9157830364360695,-0.0058428721691154316,0.005244660150514879,0.9761692690587985,False,0.9963333794891305,False
db7752,1,4,42.0,4473808.0,4468101.0,31.0534716873913,31.055659097349032,10876.504940192664,10845.359235871952,continuous,0.0021874099577310346,7.044010987728604e-05,0.06970249301040908,0.031382090700893234,0.9749648236670279,-0.1344269659753256,0.13880178589078768,0.9845626096802119,False,0.9963333794891305,False
df31d1,1,1,61.0,2243031.0,2247565.0,0.3628233403818315,0.3627944019416568,0.2311825640560011,0.2311746238614523,binary,-2.893844017470837e-05,-7.975903684766766e-05,0.0004537869864816166,-0.06377097961258728,0.9491525861236312,-0.0009183445903316412,0.0008604677099822244,0.9761692690587985,False,0.9491525861236312,False
e4b7b9,1,1,42.0,835530.0,838432.0,0.3178294016971263,0.319690803786115,0.216813873113973,0.2174885937607027,binary,0.0018614020889886618,0.005856607598445137,0.0007203414673592783,2.5840430512010446,0.009764960454301752,0.00044955875639374134,0.0032732454215835824,0.0524007032829432,False,0.03548518598038264,True
e4b7b9,1,2,42.0,835530.0,838432.0,0.681865897727776,0.6875982584839267,2.22455460401992,2.263731881463994,continuous,0.0057323607561508005,0.008406874101275781,0.002315686970071391,2.4754471697761793,0.01330694474264349,0.0011936976953421923,0.010271023816959409,0.0660198400311063,False,0.03548518598038264,True
e4b7b9,1,3,42.0,835530.0,838432.0,1.939670547228666,1.9477648170259667,23.302995738703828,23.32086376335957,continuous,0.008094269797300768,0.004173012684481692,0.007463573591587257,1.0845032474020777,0.2781417279175482,-0.006534065638174514,0.02272260523277605,0.5577473596662413,False,0.38187150266817343,False
e4b7b9,1,4,42.0,835530.0,838432.0,45.79871690122977,46.29620819755046,14810.90720497916,14972.340955106569,continuous,0.4974912963206961,0.010862559695582601,0.1886369833066506,2.6372945940932917,0.008357022038521622,0.12776960288737754,0.8672129897540146,0.048102350887800786,True,0.03548518598038264,True
e4b7b9,2,1,42.0,835530.0,838366.0,0.3178294016971263,0.3184182087536947,0.216813873113973,0.2170280530877832,binary,0.0005888070565683856,0.0018525883805095096,0.0007199742491237176,0.8178159804499565,0.4134622716826766,-0.0008223165415103696,0.0019999306546471408,0.6970315288101759,False,0.4725283104944875,False
e4b7b9,2,2,42.0,835530.0,838366.0,0.681865897727776,0.6855518097814806,2.22455460401992,2.2695076082241887,continuous,0.0036859120537046097,0.005405626041700287,0.002317219877979079,1.5906613303003472,0.11168581398313826,-0.0008557554513946835,0.008227579558803903,0.31060069436186627,False,0.22337162796627652,False
e4b7b9,2,3,42.0,835530.0,838366.0,1.939670547228666,1.9425349195915935,23.302995738703828,23.330282401562464,continuous,0.002864372362927581,0.0014767313794706513,0.00746447285397395,0.3837340451178198,0.7011755765064791,-0.011765725594438272,0.017494470320293436,0.8556524112243568,False,0.7011755765064791,False
e4b7b9,2,4,42.0,835530.0,838366.0,45.79871690122977,45.99922569016155,14810.90720497916,14797.376570695638,continuous,0.20050878893178492,0.004378043807738224,0.1880867363742028,1.0660442772151044,0.2864036270011301,-0.16813444033133235,0.5691520181949021,0.5653874709193294,False,0.38187150266817343,False
e4c4a1,1,1,36.0,2938321.0,2936745.0,0.1856008924824755,0.1840503686905059,0.1511532011921841,0.1501758304753948,binary,-0.001550523791969599,-0.008354075086767162,0.00032027934938065454,-4.841146808934497,1.2909195432619924e-06,-0.002178259781747603,-0.0009227878021915954,1.2611290922636387e-05,True,2.581839086523985e-06,True
e4c4a1,1,2,36.0,2938321.0,2936745.0,0.2920837270219712,0.2895219614791667,0.6158350842521726,0.6110775581906054,continuous,-0.002561765542804517,-0.008770654801360486,0.0006462718409639805,-3.9639132953454723,7.373104124219765e-05,-0.0038284350753163164,-0.0012950960102927178,0.0006851591881287147,True,9.830805498959687e-05,True
e4c4a1,1,3,36.0,2938321.0,2936745.0,0.9688652449681504,0.9512761589773836,9.936878520903242,9.605541212525749,continuous,-0.017589085990766806,-0.018154316177731212,0.0025792700745957383,-6.819404514482118,9.141798429368464e-12,-0.022644362443376392,-0.01253380953815722,1.123556516641737e-10,True,3.6567193717473856e-11,True
e4c4a1,1,4,36.0,2938321.0,2936745.0,21.69588620963818,21.50885787921332,5585.739190553406,5513.818397150577,continuous,-0.18702833042485878,-0.008620451297434134,0.06146970027432247,-3.0426100922926658,0.0023453600803389207,-0.3075067291030027,-0.06654993174671486,0.014893036510152146,True,0.0023453600803389207,True
e861d3,1,1,65.0,28027802.0,28018944.0,0.0471866827088331,0.0471332538442562,0.044960099683769,0.0449117102263091,binary,-5.3428864576897384e-05,-0.0011322869400797225,5.663064749178311e-05,-0.9434619234003963,0.34544468249175386,-0.00016442289408197583,5.756516492818105e-05,0.6358184735717788,False,0.5527114919868061,False
e861d3,1,2,65.0,28027802.0,28018944.0,0.0592737578238368,0.0588227252311526,0.0952334980302529,0.0922313150257553,continuous,-0.0004510325926841974,-0.00760931328202066,8.178979763279518e-05,-5.51453366725714,3.4970596196615134e-08,-0.0006113376503472953,-0.00029072753502109943,3.8067991859743903e-07,True,2.7976476957292107e-07,True
e861d3,1,3,65.0,28027802.0,28018944.0,0.2060658677243997,0.2049037035752068,1.807794818419312,1.7664562994554116,continuous,-0.0011621641491929013,-0.005639770244469714,0.0003571346065502674,-3.254134793653284,0.0011373829801251123,-0.001862135115664308,-0.0004621931827214947,0.00802486880421607,True,0.003033021280333633,True
e861d3,1,4,65.0,28027802.0,28018944.0,4.330721650385774,4.331903660869389,880.0782835327022,885.0109648511046,continuous,0.0011820104836148815,0.00027293614760708296,0.007936394224511081,0.1489354548397196,0.8816045642864629,-0.01437303636353853,0.016737057330768294,0.9761692690587985,False,0.9640475145667748,False
e861d3,2,1,65.0,28027802.0,28028758.0,0.0471866827088331,0.0471451499920189,0.044960099683769,0.0449224848242489,binary,-4.153271681419518e-05,-0.000880178779900128,5.662908621690815e-05,-0.7334166889478463,0.463304323415636,-0.00015252368627674873,6.945825264835837e-05,0.729417137278336,False,0.6177390978875147,False
e861d3,2,2,65.0,28027802.0,28028758.0,0.0592737578238368,0.058870359045262,0.0952334980302529,0.092362327134648,continuous,-0.0004033987785748011,-0.006805689286205088,8.181132333553817e-05,-4.930842848248709,8.187558238059722e-07,-0.0005637460258400173,-0.000243051531309585,8.209104443949353e-06,True,3.275023295223889e-06,True
e861d3,2,3,65.0,28027802.0,28028758.0,0.2060658677243997,0.2051631616720556,1.807794818419312,1.7731044262658622,continuous,-0.0009027060523441044,-0.004380667513318692,0.00035743564743971785,-2.525506503926269,0.01155316429502129,-0.001603267048116708,-0.000202145056571501,0.061135494394487656,False,0.02310632859004258,True
e861d3,2,4,65.0,28027802.0,28028758.0,4.330721650385774,4.330364294170914,880.0782835327022,881.6029595762957,continuous,-0.0003573562148604381,-8.251655121464696e-05,0.007928032801546726,-0.045075017196033726,0.9640475145667748,-0.01589601497414421,0.015181302544423332,0.9839004181999298,False,0.9640475145667748,False
e90dd1,1,1,47.50000000000001,2474214.0,2473460.0,0.1927391890919702,0.1928881000703468,0.1555907940801399,0.1556822809215986,binary,0.00014891097837660405,0.0007726035326710209,0.00035471965419251795,0.4197990740980297,0.6746322413529526,-0.0005463267684492335,0.0008441487252024416,0.8533019025999057,False,0.6746322413529526,False
e90dd1,1,2,47.50000000000001,2474214.0,2473460.0,0.3164041926321334,0.3171148564940757,0.7281574601222625,0.7320036988757531,continuous,0.0007106638619423511,0.0022460633534290833,0.0007682718979352852,0.9250160833062429,0.35495754149088365,-0.0007951213883450401,0.0022164491122297425,0.6407104183415436,False,0.6746322413529526,False
e90dd1,1,3,47.50000000000001,2474214.0,2473460.0,1.0311484308969343,1.0325705478211364,11.253457032507244,11.237505155067735,continuous,0.0014221169242021325,0.0013791583069811958,0.003015216207594968,0.47164674978198595,0.6371789518238025,-0.004487598248285452,0.007331832096689717,0.8447892273178306,False,0.6746322413529526,False
e90dd1,1,4,47.50000000000001,2474214.0,2473460.0,23.248620633344853,23.31704733293573,6381.453882062543,6442.970992755168,continuous,0.06842669959087644,0.002943258469826546,0.07200017836514493,0.9503684733092495,0.34192505742435264,-0.07269105688526761,0.2095444560670205,0.6325533507377831,False,0.6746322413529526,False
e90dd1,2,1,47.50000000000001,2474214.0,2473990.0,0.1927391890919702,0.1925892990674982,0.1555907940801399,0.1554986609521879,binary,-0.00014989002447199362,-0.0007776831747510879,0.0003545960082945422,-0.4227064497342995,0.6725094492666455,-0.0008448854297909626,0.0005451053808469753,0.8533019025999057,False,0.6746322413529526,False
e90dd1,2,2,47.50000000000001,2474214.0,2473990.0,0.3164041926321334,0.3159072377950158,0.7281574601222625,0.7269442235635382,continuous,-0.0004969548371175914,-0.0015706329078116067,0.0007668984565018308,-0.6480060468297539,0.5169810392971785,-0.002000048191660537,0.0010061385174253543,0.7754715589457678,False,0.6746322413529526,False
e90dd1,2,3,47.50000000000001,2474214.0,2473990.0,1.0311484308969343,1.0293835030833942,11.253457032507244,11.1379506451831,continuous,-0.0017649278135400959,-0.001711613731502157,0.00300837414914729,-0.5866716458923026,0.5574242542232497,-0.007661232797890113,0.004131377170809921,0.8014288334304082,False,0.6746322413529526,False
e90dd1,2,4,47.50000000000001,2474214.0,2473990.0,23.248620633344853,23.19581981431332,6381.453882062543,6348.941558115509,continuous,-0.05280081903153189,-0.0022711377102433827,0.07173186496737827,-0.7360859648016163,0.4616783836362557,-0.1933926909114837,0.08779105284841993,0.729417137278336,False,0.6746322413529526,False
ee6ff7,1,1,49.0,1048490.0,1048957.0,0.2259830804299516,0.2327006731448477,0.1749147277893416,0.1785510698627824,binary,0.006717592714896081,0.029726087024370598,0.0005805541203903994,11.570605906966971,0.0,0.005579727547854568,0.007855457881937596,0.0,True,0.0,True
ee6ff7,1,2,49.0,1048490.0,1048957.0,0.4085707962997937,0.4240283662518639,1.1640149335846386,1.211759680171966,continuous,0.015457569952070205,0.037833271717071106,0.0015051201081656012,10.269990991555792,0.0,0.012507588747658595,0.018407551156481815,0.0,True,0.0,True
ee6ff7,1,3,49.0,1048490.0,1048957.0,1.329711879830062,1.374801211229039,16.904093523986425,17.153866965901305,continuous,0.045089331398977084,0.03390909871749023,0.005698735168512978,7.9121647287818515,2.4424906541753444e-15,0.033920015711259854,0.05625864708669431,3.446625700891875e-14,True,3.2566542055671257e-15,True
ee6ff7,1,4,49.0,1048490.0,1048957.0,29.2210736629648,30.19829424142373,9495.699563081564,9702.228333051322,continuous,0.9772205784589332,0.03344232281572447,0.13529949288115248,7.222647754617432,5.098144129078719e-13,0.7120384452853409,1.2424027116325256,6.937117547067828e-12,True,5.098144129078719e-13,True
eeefa3,1,1,13.0,708824.0,706712.0,0.2102708147579653,0.2078880788779587,0.1660569992189867,0.1646706255383903,binary,-0.0023827358800065923,-0.011331747978193115,0.0006835792945908528,-3.4856391509203197,0.0004909627991103171,-0.00372252667798196,-0.001042945082031225,0.0038970172179381424,True,0.0019638511964412686,True
eeefa3,1,2,13.0,708824.0,706712.0,0.3147593442548935,0.3097238182034315,0.5834717416967233,0.5683772042148502,continuous,-0.005035526051462014,-0.01599801925938765,0.001275699956281573,-3.947265206576969,7.904897758326257e-05,-0.007535852020853218,-0.0025352000820708094,0.0007170871537910248,True,0.0006323918206661006,True
eeefa3,1,3,13.0,708824.0,706712.0,0.9978638478111496,0.9854494921049132,8.938075154660446,8.87638615885269,continuous,-0.01241435570623639,-0.012440931429140087,0.005016955478974408,-2.4744799427190047,0.013343031278161499,-0.022247407757067128,-0.002581303655405655,0.0660198400311063,False,0.026686062556322998,True
eeefa3,1,4,13.0,708824.0,706712.0,21.951302631393293,21.746515869376932,4888.924692679864,4878.884587363934,continuous,-0.20478676201636148,-0.009329139388907566,0.11747711549430458,-1.7432055694820816,0.08129771295916122,-0.4350376773928508,0.025464153360127834,0.2559870135325655,False,0.10839695061221495,False
eeefa3,3,1,13.0,708824.0,1415810.0,0.2102708147579653,0.210325538031233,0.1660569992189867,0.1660887060831053,binary,5.4723273267692774e-05,0.0002602513968982459,0.0005929427918285268,0.0922880514698173,0.9264691814010915,-0.0011074232436088505,0.001216869790144236,0.9761692690587985,False,0.9264691814010915,False
eeefa3,3,2,13.0,708824.0,1415810.0,0.3147593442548935,0.315540156323398,0.5834717416967233,0.5848883091002203,continuous,0.0007808120685044995,0.0024806636649750877,0.0011118753324672569,0.7022478561259864,0.48252460565610544,-0.0013984235384298226,0.0029600476754388216,0.7473246941259194,False,0.5514566921784062,False
eeefa3,3,3,13.0,708824.0,1415810.0,0.9978638478111496,1.0068723594677012,8.938075154660446,9.137684727948423,continuous,0.009008511656551588,0.009027796403599634,0.0043662062937714985,2.0632354612750325,0.03909026249698133,0.00045090457168734006,0.017566118741415837,0.14601362756225378,False,0.06254441999517013,False
eeefa3,3,4,13.0,708824.0,1415810.0,21.951302631393293,22.207172316021037,4888.924692679864,5050.345064398738,continuous,0.2558696846277435,0.011656241496202403,0.10229535709934454,2.5012834588304402,0.012374409067088754,0.0553744689273645,0.4563649003281225,0.06329114309886075,False,0.026686062556322998,True
f0df06,1,1,40.0,2838348.0,2838453.0,0.0264784304109291,0.0264675863930105,0.0257773231339027,0.025767053263539,binary,-1.0844017918600068e-05,-0.00040954156837499505,0.00013475776777993273,-0.08047044805674773,0.9358630990281487,-0.00027496438940428035,0.0002532763535670802,0.9761692690587985,False,0.947343608314865,False
f0df06,1,2,40.0,2838348.0,2838453.0,0.0291606923184535,0.0291503522228517,0.034819564423108,0.0347580403848898,continuous,-1.0340095601801824e-05,-0.00035459019590074664,0.0001565661612094208,-0.06604297839282813,0.947343608314865,-0.0003172041327699587,0.00029652394156635503,0.9761692690587985,False,0.947343608314865,False
f0df06,1,3,40.0,2838348.0,2838453.0,0.0858742139871701,0.0854550733257274,0.5534290114905733,0.5490877191751357,continuous,-0.00041914066144270457,-0.004880867515192926,0.000623240651467391,-0.6725181684728964,0.501253877679261,-0.0016406698920200715,0.0008023885691346624,0.7639109095831937,False,0.947343608314865,False
f0df06,1,4,40.0,2838348.0,2838453.0,1.9881552500764588,1.9637900743254104,326.23844263111465,314.0357481738681,continuous,-0.02436517575104835,-0.012255167573111474,0.015019180520897898,-1.6222706503291777,0.10474541005516547,-0.05380222864931376,0.005071877147217057,0.298490717316671,False,0.41898164022066187,False
f0df06,2,1,40.0,2838348.0,2835677.0,0.0264784304109291,0.0265234721726064,0.0257773231339027,0.0258199775965153,binary,4.504176167730023e-05,0.0017010737033230272,0.00013485995151333316,0.33398928486361196,0.738387644309531,-0.0002192788862456507,0.00030936240960025116,0.8874627523089316,False,0.947343608314865,False
f0df06,2,2,40.0,2838348.0,2835677.0,0.0291606923184535,0.0291420823774735,0.034819564423108,0.0346494772467591,continuous,-1.8609940980001544e-05,-0.0006381858419810143,0.00015648215813230393,-0.11892691922274644,0.9053332546515545,-0.0003253093351424188,0.0002880894531824157,0.9761692690587985,False,0.947343608314865,False
f0df06,2,3,40.0,2838348.0,2835677.0,0.0858742139871701,0.0854021675455046,0.5534290114905733,0.5427834941359931,continuous,-0.0004720464416654996,-0.00549695210876719,0.0006216068717743697,-0.759397077316807,0.44761506134168627,-0.0016903735228858718,0.0007462806395548726,0.729417137278336,False,0.947343608314865,False
f0df06,2,4,40.0,2838348.0,2835677.0,1.9881552500764588,1.9569231007970669,326.23844263111465,303.8540091826912,continuous,-0.031232149279391885,-0.015709109878713337,0.014902801968602653,-2.0957232972156534,0.03610674395790192,-0.060441104406585705,-0.002023194152198069,0.13756669447960632,False,0.28885395166321537,False
f50b07,1,1,26.0,527941.0,529031.0,0.7723874448091738,0.7696940254918899,0.1758050799103293,0.1772651326139798,binary,-0.0026934193172838405,-0.003487135032275515,0.0008173594740024709,-3.295237997105108,0.0009833835614976305,-0.004295414448751286,-0.001091424185816395,0.007205175710203793,True,0.003933534245990522,True
f50b07,1,2,26.0,527941.0,529031.0,0.9964215487552144,0.994309760745289,0.7733414165419825,0.780768226059536,continuous,-0.002111788009925397,-0.0021193720795817405,0.001714838576969298,-1.2314791831063443,0.21814369770416508,-0.005472809860085139,0.0012492338402343445,0.4746623185756039,False,0.43628739540833017,False
f50b07,1,3,26.0,527941.0,529031.0,3.021478081483348,3.0235114192110437,17.12419060462323,17.242859011522782,continuous,0.002033337727695539,0.0006729612702327806,0.008064061646981932,0.2521480882349825,0.8009266014152805,-0.0137719326694998,0.017838608124890878,0.9303446193268959,False,0.8009266014152805,False
f50b07,1,4,26.0,527941.0,529031.0,70.01242258345009,69.83999920601468,12706.963690485243,12214.109324426816,continuous,-0.1724233774354076,-0.002462754052395352,0.2171557257059233,-0.7940079722738088,0.4271907902217338,-0.5980407788556761,0.2531940239848609,0.7107410090588672,False,0.5695877202956451,False
fcebce,1,1,54.5,1182162.0,1179571.0,0.2830551142736782,0.2832970630847994,0.2029349165571932,0.2030398371323266,binary,0.00024194881112121758,0.0008547763277199929,0.0005863398819970914,0.4126426982501449,0.6798684131403854,-0.0009072562402925469,0.001391153862534982,0.8533019025999057,False,0.9064912175205139,False
fcebce,1,2,54.5,1182162.0,1179571.0,0.571496976403426,0.571548118573811,1.947308368644072,1.9546898835422053,continuous,5.114217038504343e-05,8.948808567088832e-05,0.0018177905699875126,0.028134247822286122,0.9775550790653011,-0.0035116618782270177,0.0036139462189971046,0.9845626096802119,False,0.9775550790653011,False
fcebce,1,3,54.5,1182162.0,1179571.0,1.8663168198057427,1.8746462346136432,26.910519540412245,27.375566106611647,continuous,0.008329414807900504,0.00446302295489545,0.006780257140792641,1.2284806659894258,0.21926658285907163,-0.004959644993973595,0.021618474609774604,0.4746623185756039,False,0.43853316571814327,False
fcebce,1,4,54.5,1182162.0,1179571.0,37.77601796384392,38.01052853937997,13003.189623026752,13293.570938061335,continuous,0.23451057553604926,0.006207922067394805,0.14922913335044027,1.5714798462666095,0.11607123211743842,-0.05797315127493874,0.5269943023470373,0.3204575321503191,False,0.43853316571814327,False
fdaf62,1,1,32.0,2478580.0,2475916.0,0.4009751551291465,0.4064132224195005,0.2401940800983034,0.2412415150620981,binary,0.0054380672903540095,0.013562105334437769,0.00044084373375654127,12.335414406287919,0.0,0.004574029449381024,0.006302105131326995,0.0,True,0.0,True
fdaf62,1,2,32.0,2478580.0,2475916.0,0.4881823709825609,0.4959392154724252,0.537448489114321,0.5461984315635119,continuous,0.007756844489864301,0.01588923515253564,0.0006613938662097798,11.72802604644053,0.0,0.006460536332497429,0.009053152647231172,0.0,True,0.0,True
fdaf62,1,3,32.0,2478580.0,2475916.0,1.4995492925466625,1.51873957352959,10.406977695241652,10.544362802525388,continuous,0.019190280982927632,0.012797365900748125,0.0029081847494951373,6.598714537052392,4.147371335250227e-11,0.013490343613528525,0.02489021835232674,4.788328723425262e-10,True,4.147371335250227e-11,True
fdaf62,1,4,32.0,2478580.0,2475916.0,38.962363750075696,39.55451753431074,9077.32225146225,9215.23127287306,continuous,0.5921537842350446,0.0151980970157103,0.08593169276635301,6.890982420712948,5.540901071299231e-12,0.4237307612824316,0.7605768071876576,7.036944360550023e-11,True,7.387868095065642e-12,True
